,date,usd,jpy,eur,cny
0,2015-11-17,"1,172.50",950.78,"1,248.36",183.19
1,2015-11-18,"1,171.00",949.79,"1,249.69",182.49
2,2015-11-19,"1,164.00",944.73,"1,242.69",181.53
3,2015-11-20,"1,156.50",941.32,"1,234.56",180.32
4,2015-11-23,"1,159.50",941.92,"1,233.36",180.32
5,2015-11-24,"1,153.80",941.95,"1,229.60",179.54
6,2015-11-25,"1,144.00",934.72,"1,219.85",178.18
7,2015-11-26,"1,149.50",938.21,"1,219.96",178.78
8,2015-11-27,"1,156.00",944.52,"1,227.67",179.2
9,2015-11-30,"1,158.00",941.69,"1,224.70",180.07
10,2015-12-01,"1,158.00",942.08,"1,228.06",179.67
11,2015-12-02,"1,163.50",944.86,"1,235.64",180.71
12,2015-12-03,"1,164.50",942.99,"1,231.92",180.7
13,2015-12-04,"1,161.00",945.44,"1,264.33",180.16
14,2015-12-07,"1,168.00",946.44,"1,264.13",180.55
15,2015-12-08,"1,177.50",957.16,"1,279.82",181.55
16,2015-12-09,"1,182.00",962.62,"1,290.03",181.92
17,2015-12-10,"1,181.00",969.78,"1,296.38",181.0
18,2015-12-11,"1,181.50",969.08,"1,295.16",180.75
19,2015-12-14,"1,185.50",978.05,"1,298.72",181.08
20,2015-12-15,"1,181.00",976.36,"1,301.93",180.64
21,2015-12-16,"1,177.00",965.70,"1,287.99",180.15
22,2015-12-17,"1,180.50",964.54,"1,282.61",180.17
23,2015-12-18,"1,184.00",977.06,"1,281.80",180.44
24,2015-12-21,"1,177.50",969.61,"1,278.65",179.72
25,2015-12-22,"1,171.00",967.13,"1,278.26",179.17
26,2015-12-23,"1,176.50",972.31,"1,284.39",179.87
27,2015-12-24,"1,170.50",972.58,"1,282.17",179.02
28,2015-12-28,"1,166.00",966.99,"1,279.10",178.02
29,2015-12-29,"1,168.50",970.68,"1,283.25",177.71
30,2015-12-30,"1,173.00",974.09,"1,283.14",178.1
31,2015-12-31,"1,177.50",978.07,"1,286.18",179.11
32,2016-01-04,"1,189.50",999.41,"1,299.65",179.6
33,2016-01-05,"1,189.50",997.48,"1,283.71",179.0
34,2016-01-06,"1,200.00","1,012.15","1,287.96",178.65
35,2016-01-07,"1,200.20","1,020.58","1,295.38",179.51
36,2016-01-08,"1,199.50","1,012.75","1,303.86",179.41
37,2016-01-11,"1,206.50","1,023.67","1,311.83",182.33
38,2016-01-12,"1,212.50","1,032.27","1,319.44",184.07
39,2016-01-13,"1,204.00","1,017.75","1,303.21",183.15
40,2016-01-14,"1,214.00","1,031.44","1,325.08",183.59
41,2016-01-15,"1,215.00","1,033.87","1,323.26",183.61
42,2016-01-18,"1,211.50","1,032.91","1,319.32",183.66
43,2016-01-19,"1,206.50","1,024.28","1,311.71",182.84
44,2016-01-20,"1,216.50","1,048.07","1,333.53",184.29
45,2016-01-21,"1,213.50","1,038.33","1,322.35",183.47
46,2016-01-22,"1,199.00","1,013.95","1,299.36",181.5
47,2016-01-25,"1,197.50","1,012.34","1,297.01",181.12
48,2016-01-26,"1,205.00","1,020.67","1,307.43",182.27
49,2016-01-27,"1,203.00","1,017.51","1,306.70",181.97
50,2016-01-28,"1,206.00","1,015.15","1,314.06",182.41
51,2016-01-29,"1,204.50",997.60,"1,312.42",182.06
52,2016-02-01,"1,202.50",991.67,"1,305.31",181.97
53,2016-02-02,"1,209.00","1,001.91","1,319.14",182.64
54,2016-02-03,"1,217.00","1,014.25","1,327.87",183.34
55,2016-02-04,"1,198.50","1,018.18","1,334.41",181.2
56,2016-02-05,"1,197.50","1,024.29","1,339.64",182.05
57,2016-02-11,"1,202.50","1,077.90","1,360.15",184.12
58,2016-02-12,"1,208.00","1,072.82","1,361.54",184.87
59,2016-02-15,"1,208.50","1,061.20","1,352.31",186.02
60,2016-02-16,"1,215.00","1,062.06","1,356.67",186.49
61,2016-02-17,"1,227.00","1,077.73","1,369.58",187.96
62,2016-02-18,"1,229.50","1,081.83","1,368.93",188.5
63,2016-02-19,"1,233.00","1,090.47","1,369.37",188.96
64,2016-02-22,"1,231.50","1,091.47","1,365.49",188.74
65,2016-02-23,"1,232.50","1,098.58","1,359.82",188.62
66,2016-02-24,"1,234.50","1,100.86","1,357.58",188.87
67,2016-02-25,"1,241.00","1,107.24","1,367.95",189.78
68,2016-02-26,"1,236.50","1,096.09","1,362.99",189.09
69,2016-02-29,"1,236.50","1,095.70","1,350.75",188.82
70,2016-03-02,"1,228.00","1,073.15","1,333.73",187.36
71,2016-03-03,"1,215.50","1,067.45","1,320.88",185.7
72,2016-03-04,"1,207.00","1,061.10","1,319.98",185.22
73,2016-03-07,"1,205.00","1,061.58","1,319.23",184.88
74,2016-03-08,"1,208.50","1,070.23","1,331.53",185.67
75,2016-03-09,"1,215.00","1,079.62","1,333.22",186.39
76,2016-03-10,"1,201.00","1,058.71","1,317.14",184.32
77,2016-03-11,"1,194.00","1,049.95","1,326.06",183.78
78,2016-03-14,"1,187.50","1,045.43","1,320.26",182.97
79,2016-03-15,"1,190.00","1,052.63","1,322.21",182.99
80,2016-03-16,"1,193.40","1,050.16","1,322.88",183.01
81,2016-03-17,"1,170.00","1,047.54","1,320.35",180.42
82,2016-03-18,"1,162.50","1,044.66","1,309.44",179.59
83,2016-03-21,"1,160.00","1,041.39","1,304.54",178.96
84,2016-03-22,"1,159.00","1,038.81","1,298.43",178.46
85,2016-03-23,"1,161.50","1,032.90","1,300.18",178.65
86,2016-03-24,"1,167.00","1,034.12","1,304.12",179.02
87,2016-03-25,"1,170.00","1,035.40","1,306.42",179.33
88,2016-03-28,"1,166.00","1,027.67","1,302.19",178.79
89,2016-03-29,"1,165.50","1,024.98","1,303.26",178.89
90,2016-03-30,"1,147.00","1,022.46","1,298.98",176.99
91,2016-03-31,"1,140.50","1,015.67","1,295.04",176.24
92,2016-04-01,"1,152.00","1,024.82","1,313.28",178.0
93,2016-04-04,"1,150.00","1,030.74","1,307.67",177.57
94,2016-04-05,"1,160.00","1,050.06","1,318.92",179.0
95,2016-04-06,"1,160.00","1,051.01","1,316.02",178.67
96,2016-04-07,"1,154.00","1,064.08","1,313.37",177.96
97,2016-04-08,"1,153.50","1,059.33","1,313.49",177.81
98,2016-04-11,"1,147.00","1,060.56","1,306.55",176.97
99,2016-04-12,"1,143.50","1,056.94","1,308.51",176.62
100,2016-04-14,"1,154.50","1,058.20","1,301.01",177.66
101,2016-04-15,"1,148.00","1,049.74","1,293.11",176.92
102,2016-04-18,"1,148.00","1,058.85","1,297.47",176.9
103,2016-04-19,"1,133.50","1,038.48","1,283.92",174.98
104,2016-04-20,"1,132.50","1,039.18","1,287.09",174.9
105,2016-04-21,"1,135.00","1,034.64","1,281.64",175.11
106,2016-04-22,"1,143.50","1,036.06","1,289.64",176.04
107,2016-04-25,"1,148.00","1,032.37","1,292.30",176.38
108,2016-04-26,"1,149.50","1,036.61","1,298.02",176.66
109,2016-04-27,"1,149.00","1,033.74","1,299.98",176.72
110,2016-04-28,"1,138.50","1,053.29","1,292.99",175.5
111,2016-04-29,"1,140.50","1,065.49","1,298.23",175.7
112,2016-05-02,"1,138.50","1,069.72","1,307.00",175.56
113,2016-05-03,"1,140.20","1,079.12","1,322.18",175.84
114,2016-05-04,"1,155.50","1,081.22","1,327.67",177.5
115,2016-05-09,"1,169.00","1,083.91","1,331.61",179.28
116,2016-05-10,"1,171.00","1,073.82","1,333.53",178.99
117,2016-05-11,"1,170.00","1,076.36","1,332.16",178.96
118,2016-05-12,"1,167.00","1,071.72","1,331.08",178.4
119,2016-05-13,"1,171.50","1,077.84","1,330.00",178.99
120,2016-05-16,"1,177.50","1,082.46","1,333.05",179.75
121,2016-05-17,"1,175.50","1,072.24","1,331.37",179.71
122,2016-05-18,"1,184.50","1,082.33","1,334.10",180.64
123,2016-05-19,"1,191.50","1,082.39","1,337.58",181.6
124,2016-05-20,"1,191.50","1,080.24","1,337.22",181.64
125,2016-05-23,"1,184.50","1,080.95","1,327.94",180.52
126,2016-05-24,"1,192.50","1,088.84","1,332.98",181.72
127,2016-05-25,"1,183.00","1,073.11","1,318.34",180.25
128,2016-05-26,"1,182.50","1,075.20","1,321.56",180.2
129,2016-05-27,"1,180.00","1,075.56","1,319.59",179.74
130,2016-05-30,"1,191.50","1,071.49","1,326.62",180.85
131,2016-05-31,"1,191.00","1,072.88","1,325.34",180.71
132,2016-06-01,"1,192.50","1,085.57","1,330.71",180.98
133,2016-06-02,"1,187.50","1,089.25","1,331.31",180.42
134,2016-06-03,"1,186.00","1,089.47","1,322.63",180.0
135,2016-06-07,"1,156.50","1,073.42","1,315.63",176.02
136,2016-06-08,"1,152.50","1,077.51","1,313.04",175.41
137,2016-06-09,"1,159.50","1,087.66","1,313.02",176.17
138,2016-06-10,"1,166.00","1,091.50","1,317.87",176.88
139,2016-06-13,"1,174.00","1,108.44","1,323.22",177.91
140,2016-06-14,"1,179.00","1,112.95","1,324.55",178.59
141,2016-06-15,"1,173.00","1,105.09","1,316.81",177.8
142,2016-06-16,"1,178.00","1,130.84","1,315.47",178.44
143,2016-06-17,"1,174.00","1,125.33","1,320.16",177.81
144,2016-06-20,"1,159.00","1,108.83","1,313.90",175.83
145,2016-06-21,"1,153.50","1,104.14","1,302.13",174.96
146,2016-06-22,"1,152.00","1,101.60","1,302.39",175.05
147,2016-06-23,"1,146.30","1,083.20","1,306.72",174.08
148,2016-06-24,"1,173.00","1,146.68","1,294.93",176.67
149,2016-06-27,"1,183.50","1,165.15","1,299.84",177.18
150,2016-06-28,"1,168.50","1,141.34","1,293.00",175.03
151,2016-06-29,"1,158.00","1,127.67","1,283.35",173.9
152,2016-06-30,"1,151.00","1,120.63","1,278.30",172.63
153,2016-07-01,"1,148.00","1,118.64","1,279.73",172.17
154,2016-07-04,"1,147.90","1,118.65","1,278.99",171.93
155,2016-07-05,"1,157.00","1,138.56","1,291.50",172.95
156,2016-07-06,"1,164.00","1,155.45","1,288.84",173.81
157,2016-07-07,"1,155.50","1,142.36","1,280.93",172.55
158,2016-07-08,"1,157.00","1,151.42","1,280.16",172.66
159,2016-07-11,"1,148.80","1,121.71","1,269.31",171.41
160,2016-07-12,"1,148.00","1,104.54","1,272.79",171.4
161,2016-07-13,"1,146.50","1,095.82","1,270.55",171.26
162,2016-07-14,"1,136.00","1,073.17","1,262.21",169.75
163,2016-07-15,"1,135.00","1,070.70","1,261.78",169.53
164,2016-07-18,"1,138.30","1,077.88","1,258.05",169.54
165,2016-07-19,"1,142.50","1,073.32","1,258.75",170.34
166,2016-07-20,"1,142.00","1,071.55","1,255.86",170.89
167,2016-07-21,"1,139.50","1,073.38","1,258.52",170.67
168,2016-07-22,"1,138.00","1,072.78","1,253.17",170.38
169,2016-07-25,"1,138.50","1,073.09","1,250.53",170.2
170,2016-07-26,"1,138.00","1,090.46","1,250.38",170.43
171,2016-07-27,"1,134.50","1,074.08","1,248.23",169.94
172,2016-07-28,"1,128.00","1,077.42","1,251.06",169.25
173,2016-07-29,"1,116.00","1,085.76","1,244.84",167.86
174,2016-08-01,"1,108.00","1,082.77","1,237.30",166.73
175,2016-08-02,"1,107.50","1,092.21","1,240.12",166.85
176,2016-08-03,"1,118.00","1,105.67","1,251.27",168.48
177,2016-08-04,"1,114.80","1,100.44","1,240.16",167.68
178,2016-08-05,"1,113.30","1,095.44","1,233.76",167.03
179,2016-08-08,"1,108.50","1,081.94","1,228.72",166.18
180,2016-08-09,"1,105.50","1,082.71","1,224.78",165.72
181,2016-08-10,"1,094.00","1,082.95","1,223.80",164.94
182,2016-08-11,"1,101.00","1,086.28","1,228.28",165.65
183,2016-08-12,"1,104.50","1,092.37","1,236.76",166.31
184,2016-08-16,"1,093.50","1,092.90","1,233.09",164.96
185,2016-08-17,"1,112.00","1,104.54","1,253.61",167.47
186,2016-08-18,"1,110.50","1,106.24","1,256.97",167.31
187,2016-08-19,"1,120.00","1,116.93","1,268.23",168.21
188,2016-08-22,"1,123.00","1,118.64","1,269.21",168.59
189,2016-08-23,"1,117.50","1,116.89","1,267.19",167.98
190,2016-08-24,"1,122.50","1,118.75","1,263.49",168.3
191,2016-08-25,"1,116.50","1,110.56","1,260.81",167.44
192,2016-08-26,"1,114.80","1,111.74","1,259.84",166.9
193,2016-08-29,"1,123.00","1,097.81","1,254.17",167.78
194,2016-08-30,"1,118.00","1,090.41","1,247.74",167.08
195,2016-08-31,"1,118.00","1,081.08","1,244.45",167.05
196,2016-09-01,"1,122.50","1,081.04","1,250.18",167.71
197,2016-09-02,"1,117.00","1,077.09","1,250.48",166.92
198,2016-09-05,"1,106.50","1,070.27","1,233.80",165.38
199,2016-09-06,"1,107.00","1,070.75","1,234.97",165.4
200,2016-09-07,"1,090.50","1,074.65","1,226.32",163.52
201,2016-09-08,"1,091.00","1,073.13","1,231.58",163.5
202,2016-09-09,"1,106.00","1,074.15","1,241.93",165.23
203,2016-09-12,"1,117.00","1,096.66","1,253.78",166.98
204,2016-09-13,"1,125.50","1,100.14","1,264.44",168.35
205,2016-09-19,"1,121.00","1,101.77","1,251.82",168.13
206,2016-09-20,"1,119.50","1,099.00","1,251.27",167.53
207,2016-09-21,"1,116.00","1,108.30","1,244.34",167.1
208,2016-09-22,"1,101.00","1,094.11","1,237.52",164.94
209,2016-09-23,"1,103.50","1,094.52","1,237.85",165.26
210,2016-09-26,"1,109.00","1,103.59","1,246.63",166.0
211,2016-09-27,"1,100.00","1,096.00","1,232.22",164.56
212,2016-09-28,"1,098.50","1,092.06","1,233.51",164.27
213,2016-09-29,"1,100.50","1,082.16","1,233.66",164.77
214,2016-09-30,"1,104.00","1,091.61","1,233.94",165.34
215,2016-10-04,"1,110.00","1,082.98","1,239.37",166.02
216,2016-10-05,"1,114.00","1,082.45","1,249.02",166.44
217,2016-10-06,"1,117.50","1,075.71","1,249.09",166.63
218,2016-10-07,"1,115.50","1,080.13","1,246.29",166.35
219,2016-10-10,"1,111.50","1,074.69","1,239.49",165.53
220,2016-10-11,"1,124.00","1,083.01","1,245.45",167.06
221,2016-10-12,"1,128.00","1,085.08","1,242.77",167.69
222,2016-10-13,"1,135.50","1,095.57","1,252.57",168.42
223,2016-10-14,"1,133.50","1,086.98","1,247.98",168.36
224,2016-10-17,"1,140.50","1,095.06","1,253.12",168.99
225,2016-10-18,"1,129.00","1,084.12","1,239.81",167.32
226,2016-10-19,"1,123.00","1,085.18","1,231.65",166.58
227,2016-10-20,"1,128.50","1,086.87","1,239.60",167.39
228,2016-10-21,"1,141.00","1,099.97","1,240.67",168.48
229,2016-10-24,"1,133.00","1,090.10","1,233.89",167.06
230,2016-10-25,"1,133.50","1,084.33","1,232.28",167.13
231,2016-10-26,"1,135.50","1,088.37","1,240.48",167.42
232,2016-10-27,"1,144.50","1,092.55","1,249.85",168.52
233,2016-10-28,"1,145.50","1,088.41","1,250.94",168.65
234,2016-10-31,"1,145.00","1,090.22","1,253.49",168.76
235,2016-11-01,"1,142.00","1,088.45","1,257.97",168.48
236,2016-11-02,"1,144.00","1,107.29","1,268.64",169.07
237,2016-11-03,"1,142.50","1,107.72","1,265.32",168.74
238,2016-11-04,"1,145.00","1,112.19","1,271.24",169.2
239,2016-11-07,"1,144.00","1,094.79","1,266.24",168.59
240,2016-11-08,"1,137.00","1,085.49","1,255.02",167.28
241,2016-11-09,"1,154.00","1,114.92","1,275.05",169.59
242,2016-11-10,"1,159.00","1,085.66","1,262.44",169.77
243,2016-11-11,"1,167.00","1,096.39","1,268.70",171.27
244,2016-11-14,"1,174.00","1,089.31","1,264.34",171.33
245,2016-11-15,"1,168.00","1,079.93","1,257.82",170.15
246,2016-11-16,"1,174.00","1,071.31","1,256.24",170.51
247,2016-11-17,"1,176.00","1,076.23","1,260.44",170.77
248,2016-11-18,"1,177.00","1,069.22","1,250.86",170.89
249,2016-11-21,"1,179.00","1,065.86","1,253.57",170.82
250,2016-11-22,"1,176.50","1,060.10","1,248.62",170.25
251,2016-11-23,"1,176.50","1,057.53","1,248.50",169.57
252,2016-11-24,"1,181.00","1,043.70","1,246.84",169.98
253,2016-11-25,"1,177.50","1,041.80","1,246.68",169.45
254,2016-11-28,"1,175.50","1,042.71","1,244.38",169.43
255,2016-11-29,"1,173.50","1,039.28","1,241.92",169.52
256,2016-11-30,"1,173.00","1,034.71","1,247.54",169.92
257,2016-12-01,"1,170.50","1,023.48","1,243.66",169.7
258,2016-12-02,"1,173.00","1,028.99","1,247.13",170.58
259,2016-12-05,"1,173.50","1,027.99","1,248.49",170.63
260,2016-12-06,"1,171.00","1,028.09","1,257.07",170.27
261,2016-12-07,"1,163.00","1,020.40","1,248.65",168.48
262,2016-12-08,"1,162.00","1,019.66","1,249.79",168.35
263,2016-12-09,"1,173.00","1,018.72","1,238.39",169.05
264,2016-12-12,"1,169.50","1,009.58","1,239.03",168.59
265,2016-12-13,"1,167.00","1,012.10","1,238.36",168.46
266,2016-12-14,"1,168.00","1,016.58","1,244.45",169.08
267,2016-12-15,"1,185.00","1,002.20","1,234.36",170.81
268,2016-12-16,"1,187.00","1,004.27","1,238.69",170.74
269,2016-12-19,"1,189.00","1,014.29","1,240.66",171.23
270,2016-12-20,"1,196.00","1,012.32","1,238.40",172.06
271,2016-12-21,"1,195.50","1,019.49","1,245.89",172.58
272,2016-12-22,"1,204.50","1,023.49","1,258.46",173.4
273,2016-12-23,"1,205.00","1,027.19","1,259.47",173.32
274,2016-12-26,"1,201.50","1,026.53","1,255.33",172.81
275,2016-12-27,"1,207.00","1,028.11","1,260.17",173.51
276,2016-12-28,"1,212.50","1,030.38","1,261.06",173.9
277,2016-12-29,"1,210.00","1,037.38","1,265.42",173.51
278,2016-12-30,"1,205.00","1,029.87","1,270.19",172.82
279,2017-01-02,"1,210.00","1,030.97","1,266.51",173.44
280,2017-01-03,"1,207.00","1,021.45","1,254.07",173.21
281,2017-01-04,"1,203.00","1,023.57","1,255.57",174.29
282,2017-01-05,"1,190.00","1,021.24","1,250.75",174.13
283,2017-01-06,"1,196.50","1,026.29","1,262.85",175.06
284,2017-01-09,"1,204.50","1,032.09","1,267.50",175.16
285,2017-01-10,"1,200.50","1,033.27","1,268.81",174.02
286,2017-01-11,"1,199.00","1,031.89","1,260.57",173.53
287,2017-01-12,"1,179.50","1,034.24","1,259.23",172.36
288,2017-01-13,"1,175.50","1,027.31","1,252.32",171.8
289,2017-01-16,"1,184.00","1,037.28","1,254.33",172.62
290,2017-01-17,"1,170.00","1,034.12","1,252.43",172.16
291,2017-01-18,"1,171.50","1,031.93","1,249.40",171.98
292,2017-01-19,"1,178.00","1,027.34","1,256.57",172.23
293,2017-01-20,"1,176.00","1,020.52","1,249.85",171.56
294,2017-01-23,"1,169.00","1,030.82","1,255.80",171.31
295,2017-01-24,"1,166.50","1,028.93","1,253.46",171.23
296,2017-01-25,"1,166.00","1,029.17","1,252.93",170.8
297,2017-01-26,"1,167.00","1,019.88","1,249.04",170.56
298,2017-01-31,"1,162.00","1,025.96","1,249.15",169.84
299,2017-02-01,"1,158.00","1,021.88","1,249.77",169.54
300,2017-02-02,"1,143.50","1,017.44","1,235.67",167.83
301,2017-02-03,"1,148.00","1,015.30","1,232.49",168.37
302,2017-02-06,"1,138.00","1,012.55","1,221.24",167.16
303,2017-02-07,"1,148.00","1,020.49","1,224.51",167.9
304,2017-02-08,"1,146.00","1,022.16","1,220.49",167.29
305,2017-02-09,"1,144.00","1,019.29","1,223.79",167.0
306,2017-02-10,"1,150.00","1,013.08","1,222.28",167.4
307,2017-02-13,"1,150.50","1,011.70","1,223.21",167.38
308,2017-02-14,"1,138.00","1,003.31","1,208.95",166.15
309,2017-02-15,"1,141.00",996.72,"1,204.04",166.43
310,2017-02-16,"1,141.00","1,004.76","1,213.40",166.7
311,2017-02-17,"1,150.00","1,019.77","1,224.58",167.97
312,2017-02-20,"1,147.50","1,014.27","1,218.07",167.31
313,2017-02-21,"1,147.00","1,008.93","1,208.48",167.04
314,2017-02-22,"1,144.50","1,012.03","1,201.84",166.74
315,2017-02-23,"1,136.50","1,006.87","1,200.60",165.72
316,2017-02-24,"1,131.00","1,007.89","1,199.88",165.06
317,2017-02-27,"1,134.50","1,010.47","1,200.58",165.34
318,2017-02-28,"1,130.00","1,007.18","1,196.39",164.83
319,2017-03-02,"1,144.50","1,000.92","1,203.90",166.37
320,2017-03-03,"1,157.00","1,011.23","1,221.50",167.66
321,2017-03-06,"1,155.00","1,014.85","1,223.20",167.55
322,2017-03-07,"1,149.50","1,008.91","1,215.37",166.64
323,2017-03-08,"1,152.50","1,009.33","1,216.52",166.65
324,2017-03-09,"1,160.00","1,012.04","1,225.54",167.98
325,2017-03-10,"1,155.50","1,001.60","1,226.04",167.3
326,2017-03-13,"1,147.50","1,000.48","1,224.33",166.46
327,2017-03-14,"1,150.50","1,001.61","1,222.81",166.64
328,2017-03-15,"1,147.00",999.87,"1,218.17",166.38
329,2017-03-16,"1,130.00",997.40,"1,212.83",164.56
330,2017-03-17,"1,131.00",999.51,"1,214.13",164.19
331,2017-03-20,"1,118.00",990.74,"1,202.35",162.16
332,2017-03-21,"1,119.50",994.54,"1,208.78",162.86
333,2017-03-22,"1,121.00","1,006.33","1,209.56",163.24
334,2017-03-23,"1,121.50","1,011.77","1,209.71",163.24
335,2017-03-24,"1,122.50","1,010.58","1,212.92",163.28
336,2017-03-27,"1,108.50","1,006.31","1,208.10",161.89
337,2017-03-28,"1,113.50","1,009.02","1,208.76",162.19
338,2017-03-29,"1,113.60","1,005.01","1,197.57",162.05
339,2017-03-30,"1,118.00","1,004.18","1,199.45",162.57
340,2017-03-31,"1,118.50",999.64,"1,194.28",162.62
341,2017-04-03,"1,118.00","1,004.22","1,191.56",162.67
342,2017-04-04,"1,124.50","1,018.52","1,197.26",163.46
343,2017-04-05,"1,127.50","1,014.44","1,203.10",163.82
344,2017-04-06,"1,131.00","1,019.93","1,206.38",164.18
345,2017-04-07,"1,136.00","1,027.64","1,206.89",164.77
346,2017-04-10,"1,143.00","1,026.95","1,209.07",165.53
347,2017-04-11,"1,145.50","1,036.75","1,215.43",165.93
348,2017-04-12,"1,140.00","1,040.76","1,208.46",165.18
349,2017-04-13,"1,131.50","1,035.75","1,202.11",164.34
350,2017-04-14,"1,142.00","1,051.23","1,213.89",165.89
351,2017-04-17,"1,138.00","1,048.36","1,211.80",165.38
352,2017-04-18,"1,143.00","1,050.50","1,218.78",165.99
353,2017-04-19,"1,140.50","1,047.00","1,223.19",165.82
354,2017-04-20,"1,138.00","1,044.08","1,222.95",165.37
355,2017-04-21,"1,136.00","1,041.20","1,215.97",164.94
356,2017-04-24,"1,129.50","1,025.75","1,228.11",164.07
357,2017-04-25,"1,130.50","1,021.60","1,231.28",164.14
358,2017-04-26,"1,131.50","1,015.30","1,231.92",164.04
359,2017-04-27,"1,134.00","1,018.64","1,235.44",164.34
360,2017-04-28,"1,140.50","1,022.27","1,244.57",165.29
361,2017-05-02,"1,131.00","1,007.71","1,233.64",164.08
362,2017-05-04,"1,136.50","1,007.00","1,243.05",164.89
363,2017-05-08,"1,132.80","1,006.44","1,239.85",164.07
364,2017-05-10,"1,136.00",997.23,"1,235.85",164.4
365,2017-05-11,"1,130.50",991.23,"1,226.08",163.67
366,2017-05-12,"1,129.00",993.84,"1,228.80",163.6
367,2017-05-15,"1,122.00",989.03,"1,231.34",162.92
368,2017-05-16,"1,116.00",983.13,"1,235.47",162.12
369,2017-05-17,"1,120.50",996.58,"1,243.42",162.82
370,2017-05-18,"1,132.00","1,024.34","1,259.75",164.41
371,2017-05-19,"1,123.00","1,009.48","1,255.91",163.24
372,2017-05-22,"1,118.50","1,003.99","1,249.87",162.5
373,2017-05-23,"1,123.50","1,010.52","1,262.48",163.31
374,2017-05-24,"1,123.00","1,004.34","1,257.25",163.26
375,2017-05-25,"1,120.50","1,002.33","1,255.52",163.53
376,2017-05-26,"1,119.00","1,006.75","1,251.15",164.0
377,2017-05-29,"1,122.50","1,008.08","1,255.85",164.49
378,2017-05-30,"1,125.00","1,013.92","1,257.19",164.83
379,2017-05-31,"1,118.50","1,008.98","1,250.32",165.08
380,2017-06-01,"1,122.00","1,007.86","1,258.15",166.19
381,2017-06-02,"1,123.00","1,014.13","1,265.06",165.64
382,2017-06-05,"1,120.00","1,012.25","1,259.05",165.06
383,2017-06-07,"1,124.50","1,028.21","1,262.98",165.93
384,2017-06-08,"1,123.00","1,020.96","1,260.62",165.64
385,2017-06-09,"1,125.00","1,016.81","1,256.34",165.63
386,2017-06-12,"1,132.00","1,030.36","1,270.39",166.63
387,2017-06-13,"1,128.50","1,024.93","1,264.77",166.2
388,2017-06-14,"1,123.50","1,026.17","1,264.89",165.64
389,2017-06-15,"1,129.00","1,029.31","1,260.53",165.89
390,2017-06-16,"1,134.00","1,019.83","1,267.70",166.43
391,2017-06-19,"1,135.00","1,023.21","1,270.24",166.42
392,2017-06-20,"1,140.00","1,022.65","1,271.50",167.03
393,2017-06-21,"1,142.00","1,026.01","1,272.93",167.26
394,2017-06-22,"1,143.00","1,028.62","1,277.02",167.26
395,2017-06-23,"1,138.50","1,023.42","1,272.73",166.49
396,2017-06-26,"1,134.00","1,017.54","1,271.44",165.55
397,2017-06-27,"1,138.50","1,016.65","1,283.49",166.94
398,2017-06-28,"1,144.00","1,020.56","1,295.52",168.06
399,2017-06-29,"1,143.50","1,013.70","1,304.16",168.31
400,2017-06-30,"1,145.00","1,022.37","1,305.24",168.85
401,2017-07-03,"1,149.50","1,017.35","1,306.87",169.18
402,2017-07-04,"1,151.00","1,016.78","1,305.52",169.09
403,2017-07-05,"1,154.50","1,016.33","1,307.12",169.7
404,2017-07-06,"1,157.50","1,022.80","1,318.22",170.18
405,2017-07-07,"1,154.50","1,013.47","1,316.07",169.68
406,2017-07-10,"1,150.50","1,007.97","1,310.59",169.03
407,2017-07-11,"1,151.50","1,007.35","1,313.00",169.23
408,2017-07-12,"1,143.00","1,011.82","1,310.91",168.43
409,2017-07-13,"1,138.00","1,004.37","1,299.37",167.79
410,2017-07-14,"1,133.50","1,008.72","1,298.93",167.43
411,2017-07-17,"1,128.00","1,002.89","1,293.93",166.83
412,2017-07-18,"1,124.50","1,002.81","1,298.46",166.67
413,2017-07-19,"1,122.50","1,004.52","1,294.69",166.25
414,2017-07-20,"1,125.00","1,002.63","1,295.89",166.25
415,2017-07-21,"1,119.00","1,004.98","1,302.68",165.54
416,2017-07-24,"1,115.00","1,006.54","1,299.20",165.23
417,2017-07-25,"1,117.00","1,002.38","1,305.77",165.51
418,2017-07-26,"1,120.00","1,001.97","1,304.02",165.8
419,2017-07-27,"1,115.30","1,001.39","1,305.18",165.51
420,2017-07-28,"1,123.00","1,010.48","1,315.82",166.6
421,2017-07-31,"1,120.50","1,013.71","1,314.63",166.38
422,2017-08-01,"1,123.00","1,016.11","1,326.21",167.0
423,2017-08-02,"1,124.50","1,014.07","1,329.78",167.05
424,2017-08-03,"1,128.50","1,022.89","1,339.42",167.75
425,2017-08-04,"1,126.00","1,017.03","1,332.73",167.3
426,2017-08-07,"1,130.00","1,019.63","1,332.04",167.87
427,2017-08-08,"1,126.50","1,020.61","1,330.23",167.92
428,2017-08-09,"1,139.50","1,038.88","1,338.34",170.2
429,2017-08-10,"1,142.00","1,040.78","1,339.85",171.12
430,2017-08-11,"1,145.50","1,048.18","1,353.47",171.52
431,2017-08-14,"1,141.50","1,041.37","1,346.11",170.68
432,2017-08-16,"1,140.00","1,028.79","1,334.48",170.16
433,2017-08-17,"1,139.50","1,033.47","1,332.59",170.39
434,2017-08-18,"1,141.50","1,048.55","1,341.21",170.92
435,2017-08-21,"1,139.50","1,046.04","1,342.22",170.7
436,2017-08-22,"1,134.50","1,037.73","1,334.29",170.16
437,2017-08-23,"1,132.00","1,037.44","1,335.65",169.86
438,2017-08-24,"1,128.00","1,030.70","1,330.81",169.3
439,2017-08-25,"1,127.00","1,027.11","1,330.54",169.34
440,2017-08-28,"1,121.00","1,025.38","1,337.97",169.24
441,2017-08-29,"1,126.00","1,036.50","1,356.89",170.54
442,2017-08-30,"1,125.50","1,022.39","1,342.78",170.64
443,2017-08-31,"1,127.00","1,020.05","1,334.82",170.62
444,2017-09-01,"1,120.50","1,018.31","1,333.84",170.73
445,2017-09-04,"1,131.50","1,031.21","1,345.52",173.27
446,2017-09-05,"1,131.00","1,035.86","1,345.89",172.63
447,2017-09-06,"1,134.00","1,041.75","1,353.15",173.43
448,2017-09-07,"1,129.00","1,038.40","1,359.54",173.86
449,2017-09-08,"1,131.00","1,049.99","1,361.84",174.51
450,2017-09-11,"1,135.00","1,043.63","1,360.35",173.62
451,2017-09-12,"1,130.00","1,028.44","1,348.15",172.6
452,2017-09-13,"1,128.50","1,024.93","1,351.27",172.72
453,2017-09-14,"1,136.00","1,027.64","1,350.53",173.05
454,2017-09-15,"1,132.50","1,022.85","1,355.94",173.0
455,2017-09-18,"1,128.50","1,012.83","1,349.86",171.69
456,2017-09-19,"1,131.50","1,015.48","1,355.48",171.79
457,2017-09-20,"1,129.50","1,014.87","1,355.74",171.89
458,2017-09-21,"1,134.00","1,008.94","1,351.44",172.17
459,2017-09-22,"1,134.50","1,012.18","1,357.26",172.51
460,2017-09-25,"1,134.50","1,010.83","1,345.97",171.45
461,2017-09-26,"1,139.10","1,016.28","1,342.66",171.8
462,2017-09-27,"1,144.50","1,011.36","1,341.81",172.16
463,2017-09-28,"1,148.00","1,018.50","1,351.66",172.37
464,2017-09-29,"1,146.50","1,021.15","1,356.02",172.64
465,2017-10-10,"1,135.00","1,009.47","1,337.82",172.71
466,2017-10-11,"1,135.00","1,011.27","1,341.29",172.34
467,2017-10-12,"1,134.00","1,008.67","1,343.28",172.27
468,2017-10-13,"1,127.50","1,008.09","1,337.44",171.54
469,2017-10-16,"1,129.00","1,009.75","1,333.01",171.64
470,2017-10-17,"1,132.50","1,007.97","1,331.82",171.18
471,2017-10-18,"1,132.60","1,003.32","1,332.39",170.89
472,2017-10-19,"1,133.00","1,007.16","1,340.45",171.22
473,2017-10-20,"1,132.50",999.69,"1,336.80",171.03
474,2017-10-23,"1,131.00",994.07,"1,327.40",170.28
475,2017-10-24,"1,130.00",992.32,"1,328.94",170.28
476,2017-10-25,"1,127.50",988.12,"1,327.86",169.69
477,2017-10-26,"1,125.50",990.10,"1,324.94",169.73
478,2017-10-27,"1,131.00",989.72,"1,311.34",169.93
479,2017-10-30,"1,125.00",990.45,"1,308.54",169.23
480,2017-10-31,"1,119.50",987.17,"1,302.31",168.81
481,2017-11-01,"1,115.00",978.20,"1,297.53",168.65
482,2017-11-02,"1,113.50",975.77,"1,298.12",168.47
483,2017-11-03,"1,115.50",978.38,"1,299.67",168.45
484,2017-11-06,"1,114.50",976.39,"1,291.37",167.92
485,2017-11-07,"1,113.50",975.26,"1,287.82",167.77
486,2017-11-08,"1,115.40",983.29,"1,292.69",168.16
487,2017-11-09,"1,119.00",987.51,"1,301.56",168.34
488,2017-11-10,"1,119.60",987.52,"1,304.50",168.23
489,2017-11-13,"1,121.00",989.36,"1,306.64",168.52
490,2017-11-14,"1,118.00",983.85,"1,311.36",168.27
491,2017-11-15,"1,108.00",982.75,"1,311.21",167.23
492,2017-11-16,"1,099.00",971.19,"1,292.97",165.55
493,2017-11-17,"1,099.50",976.51,"1,296.81",165.58
494,2017-11-20,"1,099.50",980.47,"1,295.43",165.56
495,2017-11-21,"1,093.00",971.77,"1,282.91",164.65
496,2017-11-22,"1,091.50",973.86,"1,281.37",164.92
497,2017-11-23,"1,086.00",976.75,"1,286.31",164.99
498,2017-11-24,"1,086.50",975.62,"1,290.00",164.72
499,2017-11-27,"1,089.50",980.25,"1,299.83",165.06
500,2017-11-28,"1,082.00",972.19,"1,285.58",163.95
501,2017-11-29,"1,079.00",965.42,"1,276.62",163.29
502,2017-11-30,"1,088.00",969.31,"1,288.95",164.41
503,2017-12-01,"1,087.00",967.30,"1,292.33",164.48
504,2017-12-04,"1,088.00",963.22,"1,289.99",164.4
505,2017-12-05,"1,088.00",966.30,"1,289.72",164.4
506,2017-12-06,"1,093.50",974.60,"1,291.10",165.28
507,2017-12-07,"1,094.50",970.73,"1,289.05",165.27
508,2017-12-08,"1,095.00",964.80,"1,285.42",165.23
509,2017-12-11,"1,092.00",963.43,"1,287.85",164.95
510,2017-12-12,"1,091.50",962.01,"1,285.02",164.73
511,2017-12-13,"1,092.50",963.66,"1,283.74",164.92
512,2017-12-14,"1,089.00",966.41,"1,288.23",164.68
513,2017-12-15,"1,090.00",971.70,"1,286.69",165.02
514,2017-12-18,"1,088.50",967.68,"1,283.83",164.56
515,2017-12-19,"1,085.00",962.95,"1,283.28",164.3
516,2017-12-20,"1,083.50",957.28,"1,283.57",164.69
517,2017-12-21,"1,082.20",953.19,"1,282.73",164.66
518,2017-12-22,"1,080.00",952.51,"1,279.80",164.43
519,2017-12-26,"1,076.00",949.69,"1,275.01",164.4
520,2017-12-27,"1,076.00",950.28,"1,279.74",163.96
521,2017-12-28,"1,071.00",949.09,"1,278.88",163.85
522,2017-12-29,"1,068.50",949.23,"1,281.99",164.01
523,2018-01-02,"1,063.50",948.07,"1,283.01",163.82
524,2018-01-03,"1,067.00",950.85,"1,282.91",164.27
525,2018-01-04,"1,064.50",945.00,"1,284.37",163.92
526,2018-01-05,"1,064.50",940.12,"1,282.67",164.25
527,2018-01-08,"1,068.00",944.84,"1,280.21",164.46
528,2018-01-09,"1,070.00",950.14,"1,276.88",163.95
529,2018-01-10,"1,070.00",960.55,"1,284.16",164.13
530,2018-01-11,"1,071.50",959.48,"1,286.44",164.6
531,2018-01-12,"1,065.00",957.99,"1,292.27",164.73
532,2018-01-15,"1,065.50",962.55,"1,306.36",165.52
533,2018-01-16,"1,064.80",962.05,"1,302.46",165.42
534,2018-01-17,"1,070.50",966.46,"1,306.49",166.32
535,2018-01-18,"1,070.50",962.90,"1,310.61",166.78
536,2018-01-19,"1,068.50",965.44,"1,309.71",166.92
537,2018-01-22,"1,071.50",966.75,"1,311.73",167.22
538,2018-01-23,"1,076.50",974.61,"1,318.87",167.97
539,2018-01-24,"1,068.00",975.25,"1,318.23",167.6
540,2018-01-25,"1,062.50",974.90,"1,317.93",167.95
541,2018-01-26,"1,066.50",975.71,"1,326.51",168.55
542,2018-01-29,"1,071.80",984.61,"1,326.73",169.08
543,2018-01-30,"1,072.00",986.61,"1,331.69",169.37
544,2018-01-31,"1,068.00",981.26,"1,329.82",169.84
545,2018-02-01,"1,073.00",978.35,"1,334.97",170.2
546,2018-02-02,"1,086.50",988.85,"1,357.04",172.69
547,2018-02-05,"1,090.50",993.21,"1,357.51",173.32
548,2018-02-06,"1,088.00",995.38,"1,342.54",172.91
549,2018-02-07,"1,085.00",992.82,"1,339.27",172.78
550,2018-02-08,"1,091.00",994.98,"1,334.73",171.51
551,2018-02-09,"1,091.00","1,002.71","1,336.31",172.52
552,2018-02-12,"1,085.00",998.67,"1,330.37",171.26
553,2018-02-13,"1,085.00","1,008.55","1,339.49",171.17
554,2018-02-14,"1,079.00","1,006.06","1,331.59",170.42
555,2018-02-19,"1,068.50","1,002.86","1,325.74",169.45
556,2018-02-20,"1,074.00","1,002.33","1,325.53",169.46
557,2018-02-21,"1,076.00","1,000.51","1,323.91",169.78
558,2018-02-22,"1,084.00","1,012.14","1,330.83",170.87
559,2018-02-23,"1,078.50","1,010.54","1,326.77",170.32
560,2018-02-26,"1,072.50","1,004.54","1,322.12",170.06
561,2018-02-27,"1,072.00","1,001.59","1,320.44",170.04
562,2018-02-28,"1,082.50","1,012.01","1,322.44",171.15
563,2018-03-02,"1,083.00","1,028.25","1,333.66",170.61
564,2018-03-05,"1,081.50","1,023.91","1,329.70",170.6
565,2018-03-06,"1,071.00","1,007.48","1,328.90",169.46
566,2018-03-07,"1,069.50","1,013.07","1,329.17",169.3
567,2018-03-08,"1,072.00","1,009.94","1,330.24",169.21
568,2018-03-09,"1,071.20","1,002.57","1,317.04",169.08
569,2018-03-12,"1,067.50","1,001.31","1,312.38",168.67
570,2018-03-13,"1,065.00",996.58,"1,317.56",168.52
571,2018-03-14,"1,064.50",999.01,"1,316.31",168.72
572,2018-03-15,"1,066.50","1,005.52","1,316.22",168.84
573,2018-03-16,"1,068.50","1,009.88","1,315.27",168.92
574,2018-03-19,"1,074.00","1,010.97","1,321.40",169.71
575,2018-03-20,"1,071.50","1,006.06","1,316.28",169.32
576,2018-03-21,"1,072.00","1,009.08","1,316.15",169.49
577,2018-03-22,"1,080.00","1,024.81","1,329.86",170.44
578,2018-03-23,"1,079.00","1,026.40","1,331.16",170.98
579,2018-03-26,"1,079.50","1,026.48","1,339.39",172.2
580,2018-03-27,"1,074.00","1,015.75","1,330.58",171.3
581,2018-03-28,"1,069.00","1,006.54","1,324.60",170.28
582,2018-03-29,"1,066.00","1,001.22","1,312.89",169.93
583,2018-03-30,"1,063.00","1,001.18","1,310.41",169.65
584,2018-04-02,"1,055.50",992.20,"1,302.12",168.37
585,2018-04-03,"1,056.00",993.84,"1,298.30",168.33
586,2018-04-04,"1,064.00","1,002.50","1,306.59",168.67
587,2018-04-05,"1,060.00",990.28,"1,299.19",168.42
588,2018-04-06,"1,069.00",996.97,"1,309.04",169.31
589,2018-04-09,"1,069.50",999.77,"1,316.82",169.52
590,2018-04-10,"1,068.00",996.92,"1,319.62",169.82
591,2018-04-11,"1,069.50","1,001.17","1,323.56",170.29
592,2018-04-12,"1,072.00",999.77,"1,320.76",170.59
593,2018-04-13,"1,069.00",992.57,"1,316.58",170.34
594,2018-04-16,"1,073.50","1,000.05","1,329.15",171.23
595,2018-04-17,"1,069.50",998.18,"1,321.26",170.31
596,2018-04-18,"1,066.00",994.08,"1,320.72",169.9
597,2018-04-19,"1,062.00",989.52,"1,315.02",169.42
598,2018-04-20,"1,070.50",994.01,"1,315.70",170.34
599,2018-04-23,"1,077.00",995.10,"1,317.87",170.91
600,2018-04-24,"1,078.00",988.85,"1,315.75",170.79
601,2018-04-25,"1,082.50",991.30,"1,319.19",171.05
602,2018-04-26,"1,077.00",987.03,"1,314.59",170.71
603,2018-04-27,"1,073.00",981.30,"1,297.36",169.37
604,2018-04-30,"1,070.50",978.74,"1,293.43",169.28
605,2018-05-02,"1,076.50",980.55,"1,292.45",169.35
606,2018-05-03,"1,075.50",984.53,"1,288.93",169.27
607,2018-05-04,"1,077.00",989.57,"1,288.20",169.28
608,2018-05-08,"1,079.00",989.09,"1,280.13",169.49
609,2018-05-09,"1,079.00",983.82,"1,282.18",169.63
610,2018-05-10,"1,072.00",980.20,"1,278.74",169.2
611,2018-05-11,"1,067.00",976.79,"1,275.17",168.76
612,2018-05-14,"1,069.50",976.67,"1,281.96",169.0
613,2018-05-15,"1,077.00",976.74,"1,276.25",169.32
614,2018-05-16,"1,081.50",981.98,"1,273.95",169.9
615,2018-05-17,"1,081.00",976.29,"1,276.23",170.08
616,2018-05-18,"1,082.00",974.99,"1,273.24",169.89
617,2018-05-21,"1,085.40",975.68,"1,277.24",170.38
618,2018-05-23,"1,082.50",984.85,"1,266.04",169.55
619,2018-05-24,"1,079.00",985.16,"1,265.45",169.13
620,2018-05-25,"1,079.00",986.42,"1,259.95",169.04
621,2018-05-28,"1,075.00",983.40,"1,248.51",168.04
622,2018-05-29,"1,080.00",991.42,"1,250.10",168.28
623,2018-05-30,"1,080.00",992.42,"1,256.47",168.48
624,2018-05-31,"1,078.00",991.36,"1,257.97",168.21
625,2018-06-01,"1,075.50",980.54,"1,253.60",167.65
626,2018-06-04,"1,070.00",977.66,"1,254.15",167.18
627,2018-06-05,"1,071.00",976.61,"1,249.16",167.29
628,2018-06-07,"1,069.50",972.36,"1,265.65",167.58
629,2018-06-08,"1,077.00",983.25,"1,264.77",168.21
630,2018-06-11,"1,075.50",978.48,"1,268.82",168.15
631,2018-06-12,"1,078.00",977.47,"1,271.77",168.51
632,2018-06-14,"1,082.50",982.39,"1,264.96",169.29
633,2018-06-15,"1,099.00",994.84,"1,275.72",171.02
634,2018-06-18,"1,104.50",999.86,"1,281.83",171.04
635,2018-06-19,"1,116.00","1,016.12","1,287.64",171.91
636,2018-06-20,"1,106.50","1,005.59","1,282.88",170.89
637,2018-06-21,"1,112.50","1,009.07","1,290.00",171.25
638,2018-06-22,"1,112.50","1,010.67","1,296.67",171.0
639,2018-06-25,"1,115.20","1,017.61","1,304.11",170.43
640,2018-06-26,"1,118.00","1,019.28","1,304.87",169.74
641,2018-06-27,"1,120.00","1,016.20","1,300.32",169.64
642,2018-06-28,"1,124.00","1,020.47","1,300.07",169.59
643,2018-06-29,"1,114.50","1,007.46","1,297.78",168.23
644,2018-07-02,"1,121.00","1,012.05","1,303.61",167.63
645,2018-07-03,"1,115.00","1,007.18","1,299.42",167.63
646,2018-07-04,"1,117.00","1,011.04","1,300.47",168.24
647,2018-07-05,"1,119.00","1,011.85","1,310.63",168.52
648,2018-07-06,"1,117.00","1,010.59","1,311.80",167.79
649,2018-07-09,"1,112.50","1,007.29","1,311.42",168.16
650,2018-07-10,"1,117.00","1,004.59","1,308.62",168.18
651,2018-07-11,"1,122.00","1,009.49","1,318.63",167.67
652,2018-07-12,"1,126.00","1,001.02","1,313.20",168.51
653,2018-07-13,"1,133.00","1,006.93","1,319.15",168.81
654,2018-07-16,"1,129.00","1,004.85","1,322.57",168.6
655,2018-07-17,"1,127.50","1,001.47","1,319.91",168.03
656,2018-07-18,"1,133.20","1,005.19","1,317.23",167.92
657,2018-07-19,"1,138.00","1,006.50","1,319.00",167.27
658,2018-07-20,"1,135.00","1,014.98","1,328.63",167.28
659,2018-07-23,"1,135.00","1,019.95","1,330.16",166.79
660,2018-07-24,"1,132.50","1,018.48","1,324.35",166.23
661,2018-07-25,"1,125.00","1,012.83","1,315.29",166.2
662,2018-07-26,"1,121.00","1,010.96","1,313.36",165.15
663,2018-07-27,"1,118.00","1,007.62","1,301.35",163.55
664,2018-07-30,"1,118.00","1,006.44","1,306.16",163.63
665,2018-07-31,"1,118.50","1,003.68","1,313.40",163.56
666,2018-08-01,"1,119.50","1,000.58","1,308.53",164.43
667,2018-08-02,"1,129.50","1,013.78","1,312.42",164.6
668,2018-08-03,"1,127.00","1,011.26","1,306.98",164.69
669,2018-08-06,"1,126.00","1,010.00","1,300.02",164.05
670,2018-08-07,"1,121.00","1,009.64","1,301.09",164.17
671,2018-08-08,"1,121.50","1,008.77","1,298.08",163.78
672,2018-08-09,"1,119.00","1,007.70","1,297.09",164.09
673,2018-08-10,"1,129.50","1,016.97","1,292.54",164.57
674,2018-08-13,"1,135.00","1,024.88","1,296.40",164.92
675,2018-08-14,"1,130.00","1,018.94","1,287.35",164.0
676,2018-08-16,"1,129.00","1,020.47","1,285.99",164.23
677,2018-08-17,"1,125.00","1,019.02","1,283.29",163.99
678,2018-08-20,"1,122.50","1,015.98","1,282.96",163.82
679,2018-08-21,"1,119.00","1,013.91","1,287.63",163.45
680,2018-08-22,"1,119.00","1,014.74","1,299.33",163.58
681,2018-08-23,"1,122.50","1,012.54","1,299.07",163.15
682,2018-08-24,"1,117.50","1,003.64","1,295.18",163.56
683,2018-08-27,"1,114.00","1,003.42","1,296.36",163.61
684,2018-08-28,"1,107.00",996.98,"1,297.24",163.0
685,2018-08-29,"1,114.00","1,001.21","1,299.09",163.04
686,2018-08-30,"1,110.50",997.13,"1,297.23",162.3
687,2018-08-31,"1,117.50","1,008.80","1,300.55",163.08
688,2018-09-03,"1,113.00","1,001.48","1,291.97",162.75
689,2018-09-04,"1,117.50","1,004.45","1,292.61",163.11
690,2018-09-05,"1,123.50","1,007.76","1,301.52",163.95
691,2018-09-06,"1,122.00","1,009.04","1,306.18",164.05
692,2018-09-07,"1,124.00","1,012.29","1,299.91",164.0
693,2018-09-10,"1,129.00","1,016.52","1,308.40",164.33
694,2018-09-11,"1,128.50","1,013.43","1,306.63",163.91
695,2018-09-12,"1,128.50","1,014.25","1,308.04",164.09
696,2018-09-13,"1,122.50","1,007.22","1,304.23",163.96
697,2018-09-14,"1,119.50",999.29,"1,306.06",163.31
698,2018-09-17,"1,126.50","1,005.49","1,314.68",164.14
699,2018-09-18,"1,124.00","1,002.18","1,315.81",163.59
700,2018-09-19,"1,122.00",999.24,"1,309.60",163.61
701,2018-09-20,"1,119.00",997.86,"1,316.22",163.67
702,2018-09-21,"1,116.50",990.82,"1,312.22",163.17
703,2018-09-27,"1,112.50",984.38,"1,298.73",161.61
704,2018-09-28,"1,111.00",979.89,"1,287.32",161.6
705,2018-10-01,"1,111.50",975.68,"1,290.45",161.49
706,2018-10-02,"1,120.00",984.18,"1,292.03",162.65
707,2018-10-04,"1,129.50",990.31,"1,300.17",163.76
708,2018-10-05,"1,130.50",993.63,"1,303.81",164.04
709,2018-10-08,"1,138.00","1,004.37","1,305.29",164.16
710,2018-10-10,"1,136.80","1,003.80","1,306.69",163.95
711,2018-10-11,"1,142.00","1,017.33","1,323.35",165.33
712,2018-10-12,"1,133.00","1,008.99","1,309.07",163.92
713,2018-10-15,"1,133.00","1,013.14","1,314.85",163.86
714,2018-10-16,"1,124.50","1,002.54","1,302.06",162.77
715,2018-10-17,"1,127.00","1,003.96","1,299.37",162.78
716,2018-10-18,"1,135.50","1,009.38","1,306.51",163.53
717,2018-10-19,"1,132.50","1,007.16","1,298.41",163.39
718,2018-10-22,"1,132.00","1,004.21","1,300.10",162.93
719,2018-10-23,"1,137.50","1,014.09","1,304.77",163.76
720,2018-10-24,"1,134.00","1,006.52","1,293.27",163.22
721,2018-10-25,"1,138.00","1,013.04","1,299.99",163.75
722,2018-10-26,"1,142.50","1,018.86","1,296.17",164.04
723,2018-10-29,"1,142.00","1,016.60","1,299.65",163.98
724,2018-10-30,"1,139.50","1,008.94","1,293.96",163.43
725,2018-10-31,"1,140.50","1,008.18","1,292.64",163.48
726,2018-11-01,"1,133.00","1,004.21","1,290.77",163.17
727,2018-11-02,"1,118.00",989.51,"1,276.59",162.23
728,2018-11-05,"1,125.00",992.98,"1,278.73",162.42
729,2018-11-06,"1,124.50",993.59,"1,283.95",162.62
730,2018-11-07,"1,121.00",990.37,"1,287.97",162.06
731,2018-11-08,"1,117.00",982.28,"1,275.78",161.27
732,2018-11-09,"1,129.00",991.44,"1,281.19",162.57
733,2018-11-12,"1,137.50",998.99,"1,282.08",163.45
734,2018-11-13,"1,134.00",995.22,"1,277.17",163.07
735,2018-11-14,"1,133.00",994.91,"1,278.53",163.09
736,2018-11-15,"1,131.00",997.22,"1,278.82",163.11
737,2018-11-16,"1,132.00","1,000.04","1,283.69",163.12
738,2018-11-19,"1,127.50",999.34,"1,287.38",162.53
739,2018-11-20,"1,128.50","1,004.50","1,288.63",162.61
740,2018-11-21,"1,130.00",999.25,"1,288.26",163.13
741,2018-11-22,"1,130.50","1,000.75","1,289.39",163.21
742,2018-11-23,"1,132.50","1,003.72","1,285.67",163.15
743,2018-11-26,"1,129.00",997.31,"1,283.50",162.78
744,2018-11-27,"1,130.00",994.59,"1,279.61",162.74
745,2018-11-28,"1,128.50",991.61,"1,273.74",162.34
746,2018-11-29,"1,121.00",989.19,"1,275.59",161.57
747,2018-11-30,"1,122.00",988.29,"1,275.49",161.62
748,2018-12-03,"1,113.00",979.88,"1,261.47",161.38
749,2018-12-04,"1,106.50",981.07,"1,262.07",162.06
750,2018-12-05,"1,113.50",985.57,"1,264.32",162.38
751,2018-12-06,"1,121.50",994.19,"1,272.51",162.62
752,2018-12-07,"1,122.50",994.82,"1,276.34",163.0
753,2018-12-10,"1,128.00","1,000.67","1,288.12",163.17
754,2018-12-11,"1,130.50",998.98,"1,286.45",163.87
755,2018-12-12,"1,129.00",995.55,"1,280.29",163.96
756,2018-12-13,"1,125.00",991.32,"1,279.13",163.55
757,2018-12-14,"1,134.50",998.99,"1,280.51",164.33
758,2018-12-17,"1,131.50",998.98,"1,283.01",164.03
759,2018-12-18,"1,129.50","1,005.03","1,286.11",163.92
760,2018-12-19,"1,126.50","1,002.80","1,284.60",163.34
761,2018-12-20,"1,123.00","1,004.61","1,286.56",162.97
762,2018-12-21,"1,124.50","1,010.92","1,283.62",162.68
763,2018-12-24,"1,126.00","1,014.64","1,283.53",163.02
764,2018-12-26,"1,125.80","1,017.30","1,281.27",163.36
765,2018-12-27,"1,122.00","1,012.50","1,276.28",163.01
766,2018-12-28,"1,117.00","1,012.37","1,278.97",162.31
767,2018-12-31,"1,116.00","1,015.70","1,278.38",162.35
768,2019-01-02,"1,122.50","1,028.50","1,280.55",163.34
769,2019-01-03,"1,127.50","1,047.23","1,279.21",163.7
770,2019-01-04,"1,124.00","1,040.79","1,282.54",163.43
771,2019-01-07,"1,120.00","1,034.21","1,281.17",163.45
772,2019-01-08,"1,126.00","1,035.74","1,289.10",164.16
773,2019-01-09,"1,121.70","1,029.98","1,284.29",164.18
774,2019-01-10,"1,119.00","1,035.10","1,290.82",164.94
775,2019-01-11,"1,116.00","1,030.14","1,286.41",165.05
776,2019-01-14,"1,123.50","1,039.27","1,288.37",165.99
777,2019-01-15,"1,124.00","1,036.37","1,284.17",166.05
778,2019-01-16,"1,122.50","1,031.57","1,278.75",165.86
779,2019-01-17,"1,124.00","1,033.71","1,281.98",165.76
780,2019-01-18,"1,122.50","1,026.24","1,280.16",165.38
781,2019-01-21,"1,130.50","1,031.15","1,284.76",166.1
782,2019-01-22,"1,132.00","1,034.50","1,285.27",166.11
783,2019-01-23,"1,128.50","1,029.18","1,282.94",166.07
784,2019-01-24,"1,130.00","1,029.47","1,282.72",166.13
785,2019-01-25,"1,121.00","1,020.25","1,271.38",165.65
786,2019-01-28,"1,119.00","1,022.06","1,277.23",165.65
787,2019-01-29,"1,119.00","1,022.24","1,279.02",165.6
788,2019-01-30,"1,118.50","1,022.07","1,278.95",166.19
789,2019-01-31,"1,113.00","1,024.34","1,279.28",165.79
790,2019-02-01,"1,119.00","1,027.45","1,283.33",165.93
791,2019-02-07,"1,126.00","1,026.95","1,277.39",166.03
792,2019-02-08,"1,124.00","1,024.05","1,275.46",165.82
793,2019-02-11,"1,125.50","1,021.23","1,272.55",165.54
794,2019-02-12,"1,125.50","1,019.15","1,270.91",166.04
795,2019-02-13,"1,123.00","1,014.13","1,269.72",165.84
796,2019-02-14,"1,127.00","1,014.90","1,269.73",166.16
797,2019-02-15,"1,129.50","1,022.03","1,273.29",166.6
798,2019-02-18,"1,126.00","1,018.59","1,275.53",166.27
799,2019-02-19,"1,128.50","1,018.64","1,272.89",166.55
800,2019-02-20,"1,123.50","1,014.49","1,273.94",167.12
801,2019-02-21,"1,126.00","1,017.12","1,278.18",167.59
802,2019-02-22,"1,125.00","1,014.84","1,274.40",167.43
803,2019-02-25,"1,120.00","1,011.47","1,272.26",167.61
804,2019-02-26,"1,118.50","1,008.93","1,270.73",167.11
805,2019-02-27,"1,119.00","1,012.35","1,274.32",167.51
806,2019-02-28,"1,124.00","1,014.62","1,283.05",168.13
807,2019-03-04,"1,127.00","1,006.74","1,277.17",168.19
808,2019-03-05,"1,126.50","1,006.21","1,275.65",167.94
809,2019-03-06,"1,129.00","1,009.16","1,276.11",168.11
810,2019-03-07,"1,129.50","1,011.60","1,278.09",168.27
811,2019-03-08,"1,137.00","1,022.76","1,275.66",168.9
812,2019-03-11,"1,134.50","1,019.73","1,275.52",168.53
813,2019-03-12,"1,131.00","1,015.76","1,274.52",168.33
814,2019-03-13,"1,132.50","1,017.20","1,279.44",168.67
815,2019-03-14,"1,136.00","1,017.88","1,284.42",168.72
816,2019-03-15,"1,136.50","1,017.05","1,286.23",169.16
817,2019-03-18,"1,133.50","1,016.77","1,286.86",168.73
818,2019-03-19,"1,130.50","1,016.59","1,283.57",168.29
819,2019-03-20,"1,130.50","1,013.86","1,283.17",168.79
820,2019-03-21,"1,129.00","1,020.75","1,285.87",168.64
821,2019-03-22,"1,134.00","1,026.66","1,282.55",168.78
822,2019-03-25,"1,134.00","1,029.04","1,283.52",168.78
823,2019-03-26,"1,134.00","1,027.41","1,283.97",168.79
824,2019-03-27,"1,137.00","1,030.40","1,282.76",168.86
825,2019-03-28,"1,137.50","1,031.14","1,279.63",168.76
826,2019-03-29,"1,137.00","1,026.40","1,277.48",169.13
827,2019-04-01,"1,135.00","1,022.75","1,274.66",168.92
828,2019-04-02,"1,137.00","1,020.88","1,273.55",169.07
829,2019-04-03,"1,134.50","1,017.63","1,275.80",168.99
830,2019-04-04,"1,137.00","1,020.69","1,276.91",169.26
831,2019-04-05,"1,138.00","1,018.57","1,277.86",169.5
832,2019-04-08,"1,145.00","1,027.32","1,287.44",170.33
833,2019-04-09,"1,140.50","1,024.85","1,286.31",169.78
834,2019-04-10,"1,138.50","1,023.60","1,283.60",169.3
835,2019-04-11,"1,140.50","1,026.41","1,286.88",169.65
836,2019-04-12,"1,137.00","1,015.63","1,286.46",169.33
837,2019-04-15,"1,133.50","1,012.51","1,282.10",168.95
838,2019-04-16,"1,136.50","1,015.46","1,284.25",169.34
839,2019-04-17,"1,133.50","1,011.83","1,281.65",169.55
840,2019-04-18,"1,138.00","1,016.75","1,280.65",169.79
841,2019-04-19,"1,136.50","1,015.46","1,278.16",169.46
842,2019-04-22,"1,141.50","1,019.88","1,284.13",170.08
843,2019-04-23,"1,142.50","1,021.32","1,285.71",169.99
844,2019-04-24,"1,151.00","1,028.92","1,289.87",171.19
845,2019-04-25,"1,163.00","1,039.92","1,294.65",172.21
846,2019-04-26,"1,161.00","1,038.88","1,293.12",172.16
847,2019-04-29,"1,160.50","1,038.62","1,294.31",172.22
848,2019-04-30,"1,167.00","1,048.38","1,308.32",173.15
849,2019-05-02,"1,164.50","1,044.16","1,304.36",172.79
850,2019-05-03,"1,170.00","1,049.37","1,305.02",173.41
851,2019-05-07,"1,169.00","1,057.01","1,309.05",172.32
852,2019-05-08,"1,172.50","1,065.86","1,313.02",172.34
853,2019-05-09,"1,182.50","1,075.93","1,322.86",172.7
854,2019-05-10,"1,178.00","1,073.10","1,323.25",172.21
855,2019-05-13,"1,187.50","1,082.79","1,334.28",172.03
856,2019-05-14,"1,187.50","1,082.65","1,333.44",171.93
857,2019-05-15,"1,190.50","1,088.61","1,333.06",172.16
858,2019-05-16,"1,190.00","1,085.42","1,333.69",172.31
859,2019-05-17,"1,195.50","1,090.44","1,335.01",172.1
860,2019-05-20,"1,195.00","1,086.76","1,333.14",172.06
861,2019-05-21,"1,195.00","1,083.46","1,332.01",172.27
862,2019-05-22,"1,190.00","1,077.17","1,328.58",171.8
863,2019-05-23,"1,191.50","1,082.64","1,326.68",171.67
864,2019-05-24,"1,188.00","1,083.10","1,329.08",171.75
865,2019-05-27,"1,185.50","1,082.99","1,326.99",171.44
866,2019-05-28,"1,189.50","1,087.34","1,330.81",171.7
867,2019-05-29,"1,194.50","1,091.91","1,332.52",172.48
868,2019-05-30,"1,191.50","1,085.95","1,327.21",172.02
869,2019-05-31,"1,191.50","1,095.58","1,328.11",171.58
870,2019-06-03,"1,182.50","1,091.82","1,322.45",170.75
871,2019-06-04,"1,183.50","1,096.19","1,331.97",170.85
872,2019-06-05,"1,178.00","1,087.82","1,326.90",170.21
873,2019-06-07,"1,185.50","1,092.17","1,335.23",170.59
874,2019-06-10,"1,186.50","1,092.89","1,341.46",170.64
875,2019-06-11,"1,181.50","1,086.94","1,337.10",170.53
876,2019-06-12,"1,183.00","1,091.68","1,338.92",170.7
877,2019-06-13,"1,183.00","1,090.47","1,335.31",170.64
878,2019-06-14,"1,185.50","1,095.50","1,335.35",171.02
879,2019-06-17,"1,187.50","1,092.41","1,332.02",171.27
880,2019-06-18,"1,186.00","1,094.95","1,327.49",170.98
881,2019-06-19,"1,176.50","1,085.13","1,318.39",170.32
882,2019-06-20,"1,161.50","1,077.51","1,312.96",169.28
883,2019-06-21,"1,163.50","1,081.77","1,315.57",169.27
884,2019-06-24,"1,157.50","1,078.50","1,318.51",168.29
885,2019-06-25,"1,156.00","1,080.93","1,316.22",168.0
886,2019-06-26,"1,156.50","1,074.07","1,314.42",168.21
887,2019-06-27,"1,156.50","1,072.47","1,316.15",168.15
888,2019-06-28,"1,155.50","1,073.14","1,315.25",168.05
889,2019-07-01,"1,163.00","1,074.22","1,317.80",169.88
890,2019-07-02,"1,167.50","1,078.57","1,319.16",169.69
891,2019-07-03,"1,170.50","1,087.27","1,322.43",169.88
892,2019-07-04,"1,169.00","1,084.57","1,319.16",169.99
893,2019-07-05,"1,171.50","1,084.07","1,319.34",170.27
894,2019-07-08,"1,180.50","1,087.67","1,323.75",171.37
895,2019-07-09,"1,183.00","1,087.47","1,325.49",171.63
896,2019-07-10,"1,181.50","1,084.69","1,325.47",171.47
897,2019-07-11,"1,174.00","1,085.48","1,322.98",170.87
898,2019-07-12,"1,179.00","1,088.29","1,327.55",171.28
899,2019-07-15,"1,180.00","1,093.50","1,330.86",171.65
900,2019-07-16,"1,178.50","1,091.91","1,323.57",171.37
901,2019-07-17,"1,181.00","1,090.84","1,324.85",171.66
902,2019-07-18,"1,178.50","1,092.47","1,321.45",171.18
903,2019-07-19,"1,175.50","1,092.42","1,320.97",170.88
904,2019-07-22,"1,177.50","1,091.54","1,321.39",171.18
905,2019-07-23,"1,179.00","1,090.51","1,318.30",171.32
906,2019-07-24,"1,178.50","1,090.75","1,314.50",171.37
907,2019-07-25,"1,181.50","1,093.32","1,316.72",171.86
908,2019-07-26,"1,184.50","1,090.05","1,318.59",172.18
909,2019-07-29,"1,184.50","1,090.25","1,317.52",171.78
910,2019-07-30,"1,181.00","1,087.53","1,316.46",171.52
911,2019-07-31,"1,183.00","1,089.62","1,318.57",171.7
912,2019-08-01,"1,189.00","1,090.28","1,312.24",172.03
913,2019-08-02,"1,200.50","1,123.49","1,332.43",172.36
914,2019-08-05,"1,216.00","1,146.47","1,358.03",171.52
915,2019-08-06,"1,216.00","1,143.56","1,361.98",172.01
916,2019-08-07,"1,215.50","1,143.89","1,359.17",171.62
917,2019-08-08,"1,209.00","1,139.54","1,354.56",170.97
918,2019-08-09,"1,212.00","1,146.15","1,357.68",171.08
919,2019-08-12,"1,219.00","1,159.46","1,364.91",171.68
920,2019-08-13,"1,223.00","1,163.27","1,372.39",172.35
921,2019-08-14,"1,215.00","1,144.77","1,358.49",172.67
922,2019-08-16,"1,211.00","1,138.53","1,341.49",171.82
923,2019-08-19,"1,210.50","1,135.93","1,343.29",171.55
924,2019-08-20,"1,209.00","1,137.19","1,339.81",170.95
925,2019-08-21,"1,203.50","1,130.63","1,336.01",170.2
926,2019-08-22,"1,210.00","1,137.59","1,340.20",170.65
927,2019-08-23,"1,211.00","1,135.65","1,338.70",170.73
928,2019-08-26,"1,214.50","1,147.81","1,350.46",169.78
929,2019-08-27,"1,214.00","1,147.29","1,348.45",169.4
930,2019-08-28,"1,214.50","1,148.46","1,347.37",169.44
931,2019-08-29,"1,213.00","1,141.92","1,343.40",169.59
932,2019-08-30,"1,209.50","1,136.80","1,335.41",169.2
933,2019-09-02,"1,212.50","1,139.62","1,329.63",168.97
934,2019-09-03,"1,216.00","1,146.47","1,330.36",169.31
935,2019-09-04,"1,207.00","1,136.48","1,329.45",168.76
936,2019-09-05,"1,200.00","1,125.23","1,326.72",168.03
937,2019-09-06,"1,194.50","1,116.67","1,317.29",167.94
938,2019-09-09,"1,193.00","1,114.95","1,315.16",167.52
939,2019-09-10,"1,192.00","1,110.23","1,316.03",167.77
940,2019-09-11,"1,194.50","1,109.31","1,314.79",167.98
941,2019-09-16,"1,184.00","1,098.69","1,307.49",167.65
942,2019-09-17,"1,191.00","1,101.40","1,313.08",167.89
943,2019-09-18,"1,192.00","1,101.46","1,316.15",168.22
944,2019-09-19,"1,195.00","1,106.94","1,322.15",168.46
945,2019-09-20,"1,188.50","1,100.82","1,312.40",167.78
946,2019-09-23,"1,197.50","1,114.52","1,315.93",168.18
947,2019-09-24,"1,195.00","1,109.36","1,313.31",168.21
948,2019-09-25,"1,200.50","1,118.36","1,319.71",168.46
949,2019-09-26,"1,200.50","1,115.76","1,312.39",168.42
950,2019-09-27,"1,200.00","1,110.03","1,312.44",168.51
951,2019-09-30,"1,199.00","1,111.06","1,309.67",167.86
952,2019-10-01,"1,201.50","1,109.88","1,309.94",168.07
953,2019-10-02,"1,207.00","1,121.90","1,318.10",168.65
954,2019-10-04,"1,197.00","1,121.89","1,314.90",168.03
955,2019-10-07,"1,198.00","1,121.15","1,314.75",167.9
956,2019-10-08,"1,196.50","1,120.00","1,314.89",167.3
957,2019-10-10,"1,195.00","1,112.09","1,318.09",167.78
958,2019-10-11,"1,186.00","1,095.71","1,309.23",167.16
959,2019-10-14,"1,185.50","1,096.11","1,308.08",167.55
960,2019-10-15,"1,186.40","1,096.13","1,306.88",167.47
961,2019-10-16,"1,189.50","1,093.94","1,311.42",167.39
962,2019-10-17,"1,180.00","1,084.56","1,311.04",166.76
963,2019-10-18,"1,181.00","1,086.83","1,314.81",166.71
964,2019-10-21,"1,172.00","1,079.39","1,308.30",165.84
965,2019-10-22,"1,173.00","1,080.41","1,306.84",165.73
966,2019-10-23,"1,173.00","1,081.45","1,302.73",165.81
967,2019-10-24,"1,173.50","1,080.22","1,305.64",165.94
968,2019-10-25,"1,174.50","1,081.34","1,305.28",166.16
969,2019-10-28,"1,170.50","1,076.67","1,298.79",165.69
970,2019-10-29,"1,168.00","1,072.69","1,293.91",165.37
971,2019-10-30,"1,166.50","1,071.71","1,297.38",165.36
972,2019-10-31,"1,168.50","1,078.90","1,304.51",165.75
973,2019-11-01,"1,167.00","1,080.26","1,301.03",165.73
974,2019-11-04,"1,160.50","1,069.98","1,295.52",165.01
975,2019-11-05,"1,156.00","1,062.11","1,285.70",165.28
976,2019-11-06,"1,158.50","1,062.70","1,284.72",165.45
977,2019-11-07,"1,156.00","1,059.53","1,281.37",165.76
978,2019-11-08,"1,157.50","1,058.48","1,277.24",165.66
979,2019-11-11,"1,165.50","1,069.51","1,285.90",166.26
980,2019-11-12,"1,163.50","1,065.72","1,282.53",166.01
981,2019-11-13,"1,169.50","1,073.67","1,288.09",166.49
982,2019-11-14,"1,170.50","1,077.36","1,287.37",166.67
983,2019-11-15,"1,167.00","1,074.14","1,287.20",166.42
984,2019-11-18,"1,165.50","1,068.82","1,288.87",166.11
985,2019-11-19,"1,166.50","1,072.05","1,291.37",166.04
986,2019-11-20,"1,170.50","1,079.35","1,295.22",166.34
987,2019-11-21,"1,175.50","1,082.26","1,302.63",167.17
988,2019-11-22,"1,178.00","1,085.36","1,302.40",167.31
989,2019-11-25,"1,176.50","1,080.89","1,295.91",167.36
990,2019-11-26,"1,177.50","1,080.52","1,297.25",167.25
991,2019-11-27,"1,177.50","1,079.14","1,295.78",167.81
992,2019-11-28,"1,179.00","1,077.25","1,298.49",167.71
993,2019-11-29,"1,180.00","1,077.18","1,298.35",167.98
994,2019-12-02,"1,185.00","1,080.76","1,305.10",168.34
995,2019-12-03,"1,190.00","1,093.30","1,317.45",168.4
996,2019-12-04,"1,193.00","1,097.97","1,321.37",169.07
997,2019-12-05,"1,191.00","1,093.01","1,320.82",169.14
998,2019-12-06,"1,189.50","1,095.51","1,319.75",169.24
999,2019-12-09,"1,191.00","1,098.10","1,318.56",169.32
1000,2019-12-10,"1,192.00","1,097.96","1,320.32",169.35
1001,2019-12-11,"1,194.70","1,099.43","1,324.32",169.78
1002,2019-12-12,"1,189.00","1,094.39","1,323.30",168.97
1003,2019-12-13,"1,172.00","1,068.66","1,310.18",168.02
1004,2019-12-16,"1,173.00","1,071.97","1,307.07",167.48
1005,2019-12-17,"1,167.00","1,064.98","1,301.67",166.88
1006,2019-12-18,"1,168.50","1,067.42","1,301.12",167.04
1007,2019-12-19,"1,166.00","1,064.50","1,298.28",166.48
1008,2019-12-20,"1,161.00","1,061.53","1,290.05",165.75
1009,2019-12-23,"1,164.00","1,063.94","1,290.41",166.09
1010,2019-12-24,"1,164.00","1,063.94","1,288.66",166.12
1011,2019-12-26,"1,162.00","1,060.65","1,288.02",166.06
1012,2019-12-27,"1,160.50","1,060.06","1,293.90",165.93
1013,2019-12-30,"1,156.50","1,059.79","1,295.28",165.61
1014,2019-12-31,"1,156.00","1,065.09","1,296.80",166.04
1015,2020-01-02,"1,159.00","1,065.21","1,297.85",166.5
1016,2020-01-03,"1,167.50","1,080.37","1,299.78",167.48
1017,2020-01-06,"1,170.00","1,083.28","1,309.93",167.9
1018,2020-01-07,"1,166.50","1,076.06","1,303.68",168.13
1019,2020-01-08,"1,169.00","1,076.18","1,300.86",168.39
1020,2020-01-09,"1,160.00","1,060.04","1,288.70",167.42
1021,2020-01-10,"1,161.50","1,059.62","1,288.22",167.85
1022,2020-01-13,"1,157.00","1,052.58","1,286.29",167.9
1023,2020-01-14,"1,158.50","1,052.66","1,289.64",168.25
1024,2020-01-15,"1,158.00","1,053.88","1,289.66",168.02
1025,2020-01-16,"1,160.50","1,055.05","1,294.94",168.59
1026,2020-01-17,"1,159.00","1,052.73","1,288.11",168.85
1027,2020-01-20,"1,160.50","1,053.23","1,286.47",168.95
1028,2020-01-21,"1,167.00","1,060.96","1,295.84",169.06
1029,2020-01-22,"1,165.00","1,059.33","1,291.58",168.71
1030,2020-01-23,"1,168.00","1,065.94","1,295.43",168.58
1031,2020-01-28,"1,179.50","1,083.85","1,299.87",168.89
1032,2020-01-29,"1,179.00","1,080.66","1,296.84",169.36
1033,2020-01-30,"1,189.00","1,091.53","1,309.80",170.06
1034,2020-01-31,"1,194.50","1,096.32","1,317.53",171.02
1035,2020-02-03,"1,194.00","1,100.92","1,321.76",170.17
1036,2020-02-04,"1,188.50","1,090.62","1,314.07",169.83
1037,2020-02-05,"1,184.50","1,080.16","1,305.73",169.84
1038,2020-02-06,"1,184.00","1,078.28","1,302.87",169.85
1039,2020-02-07,"1,193.50","1,087.17","1,307.06",170.5
1040,2020-02-10,"1,187.00","1,081.40","1,299.88",170.04
1041,2020-02-11,"1,184.50","1,077.95","1,293.30",169.82
1042,2020-02-12,"1,180.00","1,072.97","1,288.21",169.27
1043,2020-02-13,"1,182.50","1,078.14","1,286.74",169.22
1044,2020-02-14,"1,183.00","1,077.12","1,282.49",169.29
1045,2020-02-17,"1,184.00","1,077.59","1,284.23",169.54
1046,2020-02-18,"1,190.50","1,084.99","1,289.07",169.91
1047,2020-02-19,"1,190.00","1,078.53","1,285.56",170.04
1048,2020-02-20,"1,203.00","1,073.29","1,298.52",171.02
1049,2020-02-21,"1,211.50","1,083.49","1,308.54",172.0
1050,2020-02-24,"1,219.00","1,095.09","1,318.47",173.23
1051,2020-02-25,"1,215.00","1,099.90","1,316.82",172.91
1052,2020-02-26,"1,215.00","1,100.54","1,322.35",172.88
1053,2020-02-27,"1,212.00","1,100.77","1,326.35",172.84
1054,2020-02-28,"1,210.50","1,114.18","1,335.67",173.08
1055,2020-03-02,"1,194.00","1,107.66","1,323.67",171.38
1056,2020-03-03,"1,193.00","1,104.58","1,325.84",170.97
1057,2020-03-04,"1,183.00","1,100.47","1,319.34",170.93
1058,2020-03-05,"1,184.50","1,107.89","1,322.97",170.7
1059,2020-03-06,"1,191.00","1,129.28","1,347.38",171.88
1060,2020-03-09,"1,201.50","1,172.82","1,371.15",172.88
1061,2020-03-10,"1,194.00","1,136.22","1,355.31",171.42
1062,2020-03-11,"1,191.50","1,134.87","1,349.55",171.34
1063,2020-03-12,"1,207.00","1,162.31","1,356.31",172.07
1064,2020-03-13,"1,218.00","1,146.51","1,359.35",173.94
1065,2020-03-16,"1,228.00","1,159.53","1,371.43",174.96
1066,2020-03-17,"1,242.00","1,160.37","1,370.92",176.38
1067,2020-03-18,"1,257.00","1,171.15","1,383.20",178.45
1068,2020-03-19,"1,280.00","1,170.07","1,382.14",179.0
1069,2020-03-20,"1,245.00","1,132.08","1,336.76",175.53
1070,2020-03-23,"1,273.00","1,150.58","1,358.55",178.03
1071,2020-03-24,"1,240.00","1,122.68","1,348.69",175.41
1072,2020-03-25,"1,231.00","1,105.77","1,333.54",173.01
1073,2020-03-26,"1,228.00","1,116.72","1,345.27",172.88
1074,2020-03-27,"1,220.00","1,123.03","1,343.71",171.73
1075,2020-03-30,"1,224.00","1,133.60","1,354.85",172.09
1076,2020-03-31,"1,224.00","1,126.40","1,339.30",172.14
1077,2020-04-01,"1,231.00","1,145.54","1,346.96",173.27
1078,2020-04-02,"1,228.00","1,143.07","1,341.10",172.72
1079,2020-04-03,"1,236.00","1,138.70","1,334.76",173.67
1080,2020-04-06,"1,229.00","1,125.51","1,327.32",172.96
1081,2020-04-07,"1,214.00","1,113.20","1,320.95",171.84
1082,2020-04-08,"1,220.00","1,121.48","1,327.24",172.54
1083,2020-04-09,"1,219.00","1,120.76","1,326.52",172.53
1084,2020-04-10,"1,212.50","1,118.18","1,326.54",172.11
1085,2020-04-13,"1,217.50","1,127.26","1,329.14",172.49
1086,2020-04-14,"1,216.00","1,131.95","1,330.97",172.24
1087,2020-04-16,"1,226.00","1,139.14","1,333.95",173.23
1088,2020-04-17,"1,217.00","1,128.68","1,319.05",171.92
1089,2020-04-20,"1,220.00","1,132.36","1,325.23",172.22
1090,2020-04-21,"1,231.00","1,145.92","1,333.73",173.27
1091,2020-04-22,"1,232.00","1,144.56","1,339.31",173.57
1092,2020-04-23,"1,231.00","1,144.53","1,326.53",173.55
1093,2020-04-24,"1,234.50","1,147.20","1,330.67",174.1
1094,2020-04-27,"1,226.00","1,144.78","1,330.95",173.0
1095,2020-04-28,"1,219.50","1,143.30","1,326.76",172.23
1096,2020-04-29,"1,219.00","1,144.55","1,344.56",172.06
1097,2020-05-04,"1,225.50","1,147.10","1,339.84",172.02
1098,2020-05-06,"1,225.50","1,153.30","1,323.85",172.13
1099,2020-05-07,"1,224.00","1,148.54","1,320.33",172.19
1100,2020-05-08,"1,221.00","1,147.99","1,323.99",172.32
1101,2020-05-11,"1,224.00","1,140.99","1,324.43",172.32
1102,2020-05-12,"1,224.00","1,139.40","1,326.33",172.49
1103,2020-05-13,"1,224.50","1,144.13","1,329.38",172.28
1104,2020-05-14,"1,228.50","1,147.97","1,325.80",172.58
1105,2020-05-15,"1,230.50","1,150.00","1,329.86",172.69
1106,2020-05-18,"1,234.50","1,151.00","1,334.93",172.94
1107,2020-05-19,"1,226.00","1,139.56","1,343.02",172.16
1108,2020-05-20,"1,229.00","1,141.98","1,345.20",172.82
1109,2020-05-21,"1,230.50","1,142.26","1,352.50",172.94
1110,2020-05-22,"1,240.50","1,154.65","1,352.83",173.46
1111,2020-05-25,"1,242.00","1,153.15","1,353.22",173.61
1112,2020-05-26,"1,234.00","1,146.36","1,351.85",172.73
1113,2020-05-27,"1,234.50","1,145.97","1,360.11",172.13
1114,2020-05-28,"1,240.00","1,150.65","1,364.56",172.83
1115,2020-05-29,"1,238.00","1,154.47","1,377.89",172.88
1116,2020-06-01,"1,228.00","1,140.10","1,363.82",171.88
1117,2020-06-02,"1,222.50","1,134.31","1,365.23",171.87
1118,2020-06-03,"1,217.00","1,119.13","1,363.83",171.06
1119,2020-06-04,"1,219.50","1,119.94","1,366.51",171.16
1120,2020-06-05,"1,209.00","1,106.48","1,370.04",170.46
1121,2020-06-08,"1,201.00","1,098.06","1,354.07",169.86
1122,2020-06-09,"1,201.00","1,111.37","1,354.67",169.49
1123,2020-06-10,"1,191.00","1,109.35","1,353.57",168.71
1124,2020-06-11,"1,195.50","1,117.45","1,360.72",169.26
1125,2020-06-12,"1,203.00","1,120.48","1,359.75",170.03
1126,2020-06-15,"1,215.50","1,132.91","1,367.19",171.36
1127,2020-06-16,"1,212.00","1,129.49","1,371.74",171.45
1128,2020-06-17,"1,213.50","1,130.36","1,364.28",171.41
1129,2020-06-18,"1,209.50","1,130.06","1,360.93",170.97
1130,2020-06-19,"1,209.50","1,131.27","1,355.12",171.02
1131,2020-06-22,"1,214.00","1,135.80","1,362.23",171.74
1132,2020-06-23,"1,209.00","1,129.12","1,365.63",171.2
1133,2020-06-24,"1,202.50","1,128.63","1,359.55",170.27
1134,2020-06-25,"1,203.50","1,122.20","1,349.42",169.94
1135,2020-06-26,"1,204.00","1,123.02","1,347.48",169.41
1136,2020-06-29,"1,200.50","1,120.03","1,354.34",169.78
1137,2020-06-30,"1,203.00","1,116.73","1,348.38",170.01
1138,2020-07-01,"1,203.50","1,119.38","1,348.28",170.29
1139,2020-07-02,"1,199.00","1,115.61","1,353.49",169.59
1140,2020-07-03,"1,199.50","1,115.81","1,347.28",169.74
1141,2020-07-06,"1,194.00","1,109.97","1,348.32",170.06
1142,2020-07-07,"1,197.00","1,111.63","1,349.86",170.45
1143,2020-07-08,"1,195.00","1,111.01","1,348.50",170.36
1144,2020-07-09,"1,195.00","1,112.92","1,353.58",171.09
1145,2020-07-10,"1,201.00","1,124.48","1,356.47",171.56
1146,2020-07-13,"1,203.00","1,123.51","1,362.64",171.84
1147,2020-07-14,"1,206.50","1,123.53","1,370.95",171.88
1148,2020-07-15,"1,201.00","1,123.53","1,373.34",171.82
1149,2020-07-16,"1,205.00","1,124.33","1,372.31",172.21
1150,2020-07-17,"1,205.00","1,124.80","1,377.13",172.25
1151,2020-07-20,"1,203.00","1,122.57","1,377.19",172.14
1152,2020-07-21,"1,196.00","1,115.20","1,369.72",171.15
1153,2020-07-22,"1,197.00","1,119.16","1,385.23",171.1
1154,2020-07-23,"1,198.50","1,118.42","1,388.52",171.14
1155,2020-07-24,"1,204.00","1,131.42","1,395.07",171.41
1156,2020-07-27,"1,197.00","1,136.81","1,403.60",170.88
1157,2020-07-28,"1,199.50","1,140.26","1,407.61",171.27
1158,2020-07-29,"1,194.00","1,137.09","1,401.40",170.56
1159,2020-07-30,"1,196.00","1,138.13","1,404.82",170.68
1160,2020-07-31,"1,191.00","1,137.32","1,410.74",170.67
1161,2020-08-03,"1,195.70","1,126.69","1,401.96",171.11
1162,2020-08-04,"1,194.50","1,126.20","1,406.76",170.99
1163,2020-08-05,"1,188.00","1,123.24","1,407.42",171.18
1164,2020-08-06,"1,185.50","1,123.27","1,404.28",170.59
1165,2020-08-07,"1,188.50","1,122.02","1,401.00",170.61
1166,2020-08-10,"1,187.50","1,118.86","1,395.91",170.33
1167,2020-08-11,"1,184.50","1,115.93","1,395.93",170.68
1168,2020-08-12,"1,184.50","1,108.72","1,394.39",170.57
1169,2020-08-13,"1,184.50","1,108.82","1,403.40",170.67
1170,2020-08-14,"1,187.50","1,113.19","1,402.79",170.91
1171,2020-08-18,"1,184.50","1,121.84","1,410.38",171.22
1172,2020-08-19,"1,178.00","1,119.08","1,406.18",170.67
1173,2020-08-20,"1,188.50","1,121.44","1,406.53",171.84
1174,2020-08-21,"1,189.50","1,125.41","1,402.54",172.01
1175,2020-08-24,"1,188.00","1,123.72","1,405.70",172.01
1176,2020-08-25,"1,187.00","1,114.82","1,404.70",171.83
1177,2020-08-26,"1,187.00","1,116.86","1,402.20",172.42
1178,2020-08-27,"1,185.80","1,117.99","1,399.84",172.27
1179,2020-08-28,"1,183.00","1,122.87","1,408.07",172.36
1180,2020-08-31,"1,187.00","1,120.71","1,414.90",173.34
1181,2020-09-01,"1,184.70","1,119.28","1,419.69",173.65
1182,2020-09-02,"1,187.00","1,117.76","1,408.14",173.97
1183,2020-09-03,"1,190.00","1,117.95","1,406.94",174.03
1184,2020-09-04,"1,189.50","1,120.43","1,409.14",173.82
1185,2020-09-07,"1,188.00","1,118.28","1,404.16",173.83
1186,2020-09-08,"1,189.00","1,118.80","1,403.38",173.76
1187,2020-09-09,"1,187.50","1,118.75","1,395.97",173.41
1188,2020-09-10,"1,186.90","1,118.71","1,405.11",173.55
1189,2020-09-11,"1,187.00","1,117.91","1,408.02",173.59
1190,2020-09-14,"1,183.00","1,116.14","1,403.51",173.42
1191,2020-09-15,"1,180.00","1,117.05","1,403.79",174.32
1192,2020-09-16,"1,173.50","1,115.97","1,393.77",173.69
1193,2020-09-17,"1,173.00","1,120.29","1,384.61",173.23
1194,2020-09-18,"1,163.50","1,114.94","1,377.93",171.81
1195,2020-09-21,"1,163.50","1,117.84","1,371.59",171.49
1196,2020-09-22,"1,160.00","1,110.63","1,364.57",171.25
1197,2020-09-23,"1,163.00","1,107.46","1,361.70",171.23
1198,2020-09-24,"1,172.50","1,111.69","1,365.02",171.59
1199,2020-09-25,"1,175.00","1,114.64","1,367.52",171.69
1200,2020-09-28,"1,170.00","1,110.95","1,364.10",171.64
1201,2020-09-29,"1,169.00","1,107.06","1,367.09",171.3
1202,2020-10-05,"1,160.50","1,098.49","1,363.76",172.23
1203,2020-10-06,"1,161.50","1,099.33","1,367.90",172.6
1204,2020-10-07,"1,158.50","1,092.36","1,362.86",172.05
1205,2020-10-08,"1,152.50","1,087.01","1,355.34",171.15
1206,2020-10-12,"1,150.00","1,090.00","1,356.66",170.45
1207,2020-10-13,"1,146.00","1,086.72","1,350.96",170.13
1208,2020-10-14,"1,146.50","1,087.45","1,345.30",170.35
1209,2020-10-15,"1,147.50","1,090.42","1,344.64",170.65
1210,2020-10-16,"1,146.00","1,088.47","1,342.77",171.15
1211,2020-10-19,"1,140.00","1,081.80","1,340.24",170.81
1212,2020-10-20,"1,139.00","1,078.65","1,345.22",170.67
1213,2020-10-21,"1,133.50","1,080.91","1,343.93",170.75
1214,2020-10-22,"1,135.00","1,084.10","1,342.93",170.15
1215,2020-10-23,"1,128.50","1,077.89","1,336.76",169.63
1216,2020-10-26,"1,130.00","1,077.58","1,335.89",168.8
1217,2020-10-27,"1,126.50","1,076.24","1,331.07",168.01
1218,2020-10-28,"1,133.50","1,087.66","1,330.73",168.78
1219,2020-10-29,"1,134.50","1,090.18","1,330.09",169.09
1220,2020-10-30,"1,134.50","1,086.32","1,324.42",169.6
1221,2020-11-02,"1,135.00","1,083.89","1,321.99",169.68
1222,2020-11-03,"1,133.00","1,082.40","1,325.16",169.57
1223,2020-11-04,"1,140.00","1,089.97","1,333.17",170.31
1224,2020-11-05,"1,126.50","1,082.60","1,330.62",170.52
1225,2020-11-06,"1,121.50","1,086.57","1,331.67",169.84
1226,2020-11-09,"1,115.00","1,075.48","1,324.51",169.99
1227,2020-11-10,"1,117.00","1,059.07","1,316.22",169.08
1228,2020-11-11,"1,113.00","1,055.33","1,311.45",168.2
1229,2020-11-12,"1,113.50","1,057.05","1,315.43",168.25
1230,2020-11-13,"1,113.50","1,059.92","1,316.44",168.42
1231,2020-11-16,"1,108.50","1,058.99","1,312.52",168.44
1232,2020-11-17,"1,106.00","1,060.15","1,313.15",168.85
1233,2020-11-18,"1,103.50","1,062.74","1,310.74",168.6
1234,2020-11-19,"1,117.00","1,072.75","1,321.13",169.68
1235,2020-11-20,"1,117.00","1,075.85","1,324.76",170.11
