,date,close,open,high,low,volume,keyword
0,2015-11-04,31350.0,31250.0,31550.0,31050.0,207233.0,대한항공
1,2015-11-05,31050.0,31500.0,31500.0,30950.0,230378.0,대한항공
2,2015-11-06,31000.0,31300.0,31400.0,30850.0,192834.0,대한항공
3,2015-11-09,30350.0,30750.0,30850.0,30350.0,383542.0,대한항공
4,2015-11-10,29600.0,30000.0,30150.0,29500.0,453900.0,대한항공
5,2015-11-11,29150.0,29250.0,29700.0,29150.0,306104.0,대한항공
6,2015-11-12,28650.0,29200.0,29400.0,28450.0,555953.0,대한항공
7,2015-11-13,28500.0,28300.0,29500.0,28200.0,483761.0,대한항공
8,2015-11-16,27550.0,27900.0,27950.0,27250.0,570387.0,대한항공
9,2015-11-17,28650.0,27650.0,29050.0,27650.0,487701.0,대한항공
10,2015-11-18,28000.0,28550.0,29250.0,27850.0,389877.0,대한항공
11,2015-11-19,28250.0,28150.0,28600.0,28050.0,218778.0,대한항공
12,2015-11-20,28650.0,28550.0,29100.0,28500.0,342579.0,대한항공
13,2015-11-23,28350.0,28700.0,28800.0,28300.0,217912.0,대한항공
14,2015-11-24,28050.0,28550.0,28550.0,28000.0,247847.0,대한항공
15,2015-11-25,27850.0,28050.0,28250.0,27750.0,266515.0,대한항공
16,2015-11-26,27950.0,27900.0,28150.0,27850.0,261292.0,대한항공
17,2015-11-27,28150.0,28050.0,28850.0,28050.0,290984.0,대한항공
18,2015-11-30,28300.0,28200.0,28300.0,27650.0,362563.0,대한항공
19,2015-12-01,27950.0,28200.0,28350.0,27850.0,397379.0,대한항공
20,2015-12-02,27850.0,28000.0,28300.0,27800.0,327515.0,대한항공
21,2015-12-03,27850.0,28150.0,28150.0,27700.0,235578.0,대한항공
22,2015-12-04,27750.0,27750.0,27950.0,27600.0,227069.0,대한항공
23,2015-12-07,27550.0,27900.0,28100.0,27550.0,257428.0,대한항공
24,2015-12-08,27200.0,27800.0,27850.0,27200.0,321155.0,대한항공
25,2015-12-09,27200.0,27450.0,27500.0,27100.0,224083.0,대한항공
26,2015-12-10,28350.0,27200.0,28350.0,27200.0,645374.0,대한항공
27,2015-12-11,27950.0,28450.0,28450.0,27900.0,250743.0,대한항공
28,2015-12-14,27350.0,27950.0,27950.0,27250.0,222686.0,대한항공
29,2015-12-15,27200.0,27250.0,27500.0,27100.0,227406.0,대한항공
30,2015-12-16,27350.0,27550.0,27700.0,27350.0,184690.0,대한항공
31,2015-12-17,28300.0,27700.0,28450.0,27650.0,517850.0,대한항공
32,2015-12-18,28550.0,28600.0,29000.0,28400.0,452801.0,대한항공
33,2015-12-21,28250.0,28800.0,29050.0,28100.0,329184.0,대한항공
34,2015-12-22,28100.0,28300.0,28350.0,27800.0,237439.0,대한항공
35,2015-12-23,28150.0,28200.0,28350.0,27950.0,184209.0,대한항공
36,2015-12-24,28250.0,28200.0,28550.0,28050.0,223008.0,대한항공
37,2015-12-28,28050.0,28700.0,28700.0,28050.0,209512.0,대한항공
38,2015-12-29,27950.0,28250.0,28250.0,27800.0,165091.0,대한항공
39,2015-12-30,27700.0,28200.0,28200.0,27550.0,317166.0,대한항공
40,2016-01-04,27000.0,27800.0,27800.0,27000.0,303531.0,대한항공
41,2016-01-05,26550.0,26800.0,27350.0,26400.0,484290.0,대한항공
42,2016-01-06,26350.0,26700.0,26800.0,26250.0,383877.0,대한항공
43,2016-01-07,26250.0,26250.0,26600.0,26150.0,206265.0,대한항공
44,2016-01-08,25650.0,26000.0,26150.0,25300.0,599126.0,대한항공
45,2016-01-11,25950.0,25450.0,26250.0,25450.0,267792.0,대한항공
46,2016-01-12,25500.0,26200.0,26400.0,25450.0,240069.0,대한항공
47,2016-01-13,25900.0,25700.0,26200.0,25600.0,206992.0,대한항공
48,2016-01-14,25350.0,25500.0,25750.0,25000.0,391605.0,대한항공
49,2016-01-15,25000.0,25600.0,25650.0,25000.0,291430.0,대한항공
50,2016-01-18,24900.0,25000.0,25250.0,24850.0,255323.0,대한항공
51,2016-01-19,24150.0,24750.0,24900.0,24000.0,528855.0,대한항공
52,2016-01-20,23200.0,24000.0,24100.0,23150.0,584612.0,대한항공
53,2016-01-21,23200.0,23300.0,23900.0,22850.0,619296.0,대한항공
54,2016-01-22,23850.0,23400.0,24250.0,23350.0,383593.0,대한항공
55,2016-01-25,24300.0,24100.0,24450.0,23850.0,248439.0,대한항공
56,2016-01-26,24000.0,24000.0,24400.0,23750.0,199329.0,대한항공
57,2016-01-27,24250.0,24300.0,24700.0,24050.0,298975.0,대한항공
58,2016-01-28,24900.0,24250.0,24900.0,24100.0,265381.0,대한항공
59,2016-01-29,24750.0,25000.0,25000.0,24450.0,219467.0,대한항공
60,2016-02-01,25650.0,25500.0,25800.0,25200.0,467648.0,대한항공
61,2016-02-02,25750.0,25500.0,25850.0,25250.0,353392.0,대한항공
62,2016-02-03,25950.0,25650.0,26200.0,25350.0,435621.0,대한항공
63,2016-02-04,25950.0,25950.0,26200.0,25750.0,268055.0,대한항공
64,2016-02-05,25500.0,25700.0,25950.0,25450.0,245081.0,대한항공
65,2016-02-11,24700.0,24300.0,25100.0,24250.0,286589.0,대한항공
66,2016-02-12,24350.0,24600.0,24900.0,23900.0,339441.0,대한항공
67,2016-02-15,25300.0,24550.0,25300.0,24350.0,213133.0,대한항공
68,2016-02-16,25200.0,25300.0,25400.0,24800.0,177412.0,대한항공
69,2016-02-17,25300.0,25000.0,25900.0,25000.0,225118.0,대한항공
70,2016-02-18,25450.0,25750.0,25750.0,25400.0,169726.0,대한항공
71,2016-02-19,25600.0,25150.0,25600.0,25050.0,182344.0,대한항공
72,2016-02-22,26100.0,25350.0,26100.0,25300.0,252709.0,대한항공
73,2016-02-23,26650.0,26200.0,26950.0,26150.0,422016.0,대한항공
74,2016-02-24,26400.0,26750.0,26800.0,26200.0,205677.0,대한항공
75,2016-02-25,25750.0,26350.0,26500.0,25550.0,374435.0,대한항공
76,2016-02-26,25550.0,25800.0,25900.0,25500.0,196512.0,대한항공
77,2016-02-29,25700.0,25650.0,26200.0,25600.0,196640.0,대한항공
78,2016-03-02,26200.0,26200.0,26300.0,25900.0,211736.0,대한항공
79,2016-03-03,27450.0,26400.0,27450.0,26250.0,877323.0,대한항공
80,2016-03-04,28050.0,27850.0,28200.0,27500.0,836977.0,대한항공
81,2016-03-07,29300.0,28400.0,29400.0,28200.0,978932.0,대한항공
82,2016-03-08,29150.0,29400.0,29650.0,28600.0,560822.0,대한항공
83,2016-03-09,30200.0,29150.0,30200.0,29100.0,1144784.0,대한항공
84,2016-03-10,30600.0,30400.0,30600.0,29750.0,673459.0,대한항공
85,2016-03-11,30900.0,30450.0,31000.0,30350.0,739451.0,대한항공
86,2016-03-14,30250.0,31250.0,31300.0,29450.0,645817.0,대한항공
87,2016-03-15,29750.0,30000.0,30500.0,29600.0,483362.0,대한항공
88,2016-03-16,30400.0,29500.0,30500.0,29450.0,524730.0,대한항공
89,2016-03-17,30300.0,30450.0,30650.0,30200.0,358850.0,대한항공
90,2016-03-18,30750.0,30250.0,30750.0,29800.0,432877.0,대한항공
91,2016-03-21,30500.0,31050.0,31250.0,30250.0,347395.0,대한항공
92,2016-03-22,30400.0,30200.0,30450.0,29650.0,371411.0,대한항공
93,2016-03-23,29950.0,29850.0,30200.0,29650.0,392211.0,대한항공
94,2016-03-24,29900.0,30100.0,30200.0,29450.0,270150.0,대한항공
95,2016-03-25,29400.0,29450.0,29650.0,29100.0,346308.0,대한항공
96,2016-03-28,29550.0,29500.0,29700.0,29350.0,164906.0,대한항공
97,2016-03-29,30500.0,29650.0,30700.0,29650.0,579556.0,대한항공
98,2016-03-30,30700.0,30750.0,30850.0,30450.0,357862.0,대한항공
99,2016-03-31,31000.0,30900.0,31300.0,30700.0,449911.0,대한항공
100,2016-04-01,31100.0,31000.0,31400.0,30650.0,574847.0,대한항공
101,2016-04-04,30700.0,30900.0,30950.0,30450.0,276429.0,대한항공
102,2016-04-05,29600.0,30200.0,30600.0,28850.0,721808.0,대한항공
103,2016-04-06,29900.0,29550.0,30250.0,29450.0,283535.0,대한항공
104,2016-04-07,30900.0,29900.0,31150.0,29450.0,450186.0,대한항공
105,2016-04-08,31100.0,30600.0,31350.0,30200.0,480427.0,대한항공
106,2016-04-11,32000.0,31100.0,32150.0,31050.0,855236.0,대한항공
107,2016-04-12,32150.0,32200.0,32250.0,31900.0,336051.0,대한항공
108,2016-04-14,32900.0,31800.0,32950.0,31800.0,806458.0,대한항공
109,2016-04-15,32150.0,32900.0,33300.0,32150.0,520434.0,대한항공
110,2016-04-18,31500.0,31650.0,32000.0,31300.0,558111.0,대한항공
111,2016-04-19,32100.0,31450.0,32400.0,31450.0,535639.0,대한항공
112,2016-04-20,31350.0,32100.0,32300.0,31350.0,472502.0,대한항공
113,2016-04-21,31050.0,31300.0,31650.0,30400.0,778489.0,대한항공
114,2016-04-22,30450.0,30950.0,30950.0,30300.0,536653.0,대한항공
115,2016-04-25,29750.0,31650.0,32150.0,29450.0,1433641.0,대한항공
116,2016-04-26,29000.0,29700.0,29750.0,28750.0,1149782.0,대한항공
117,2016-04-27,29050.0,29150.0,29550.0,29000.0,409379.0,대한항공
118,2016-04-28,29050.0,29100.0,29350.0,29000.0,299617.0,대한항공
119,2016-04-29,29200.0,29050.0,29300.0,28850.0,396954.0,대한항공
120,2016-05-02,28900.0,29350.0,29400.0,28800.0,287122.0,대한항공
121,2016-05-03,29500.0,29100.0,29700.0,29100.0,366291.0,대한항공
122,2016-05-04,29200.0,29500.0,29550.0,29150.0,283408.0,대한항공
123,2016-05-09,28600.0,29250.0,29500.0,28550.0,412890.0,대한항공
124,2016-05-10,29050.0,28300.0,29100.0,28200.0,296325.0,대한항공
125,2016-05-11,28800.0,29050.0,29100.0,28500.0,285281.0,대한항공
126,2016-05-12,28500.0,28350.0,28850.0,28250.0,343532.0,대한항공
127,2016-05-13,29450.0,28500.0,29450.0,28500.0,410741.0,대한항공
128,2016-05-16,29200.0,29550.0,29700.0,29200.0,196504.0,대한항공
129,2016-05-17,28650.0,29650.0,29800.0,28550.0,395377.0,대한항공
130,2016-05-18,28400.0,28650.0,28900.0,28400.0,241456.0,대한항공
131,2016-05-19,27550.0,28500.0,28550.0,27300.0,464181.0,대한항공
132,2016-05-20,27500.0,27200.0,27650.0,27050.0,299025.0,대한항공
133,2016-05-23,27450.0,27500.0,27750.0,27200.0,187980.0,대한항공
134,2016-05-24,26850.0,27200.0,27350.0,26800.0,277683.0,대한항공
135,2016-05-25,26750.0,27050.0,27250.0,26750.0,272000.0,대한항공
136,2016-05-26,26700.0,26800.0,26900.0,26700.0,187505.0,대한항공
137,2016-05-27,27350.0,26800.0,27500.0,26650.0,285118.0,대한항공
138,2016-05-30,27100.0,27350.0,27650.0,27100.0,219983.0,대한항공
139,2016-05-31,27700.0,27250.0,27850.0,27150.0,394140.0,대한항공
140,2016-06-01,27300.0,27700.0,27750.0,27100.0,281919.0,대한항공
141,2016-06-02,27150.0,27250.0,27550.0,27100.0,178082.0,대한항공
142,2016-06-03,27100.0,27300.0,27350.0,27100.0,133683.0,대한항공
143,2016-06-07,27300.0,27200.0,27500.0,26900.0,267733.0,대한항공
144,2016-06-08,27850.0,27200.0,27900.0,26950.0,267491.0,대한항공
145,2016-06-09,27350.0,27700.0,28050.0,27300.0,552867.0,대한항공
146,2016-06-10,27650.0,27300.0,27800.0,27300.0,176287.0,대한항공
147,2016-06-13,26750.0,27000.0,27200.0,26550.0,403113.0,대한항공
148,2016-06-14,26400.0,26600.0,26850.0,26100.0,310002.0,대한항공
149,2016-06-15,26100.0,26400.0,26450.0,26000.0,229018.0,대한항공
150,2016-06-16,25600.0,26100.0,26400.0,25500.0,265884.0,대한항공
151,2016-06-17,26200.0,25600.0,26400.0,25600.0,182180.0,대한항공
152,2016-06-20,27500.0,26350.0,27500.0,26300.0,333898.0,대한항공
153,2016-06-21,27050.0,27550.0,27650.0,27050.0,212842.0,대한항공
154,2016-06-22,26750.0,27050.0,27250.0,26700.0,146789.0,대한항공
155,2016-06-23,26600.0,26750.0,26950.0,26300.0,207241.0,대한항공
156,2016-06-24,25800.0,26800.0,26900.0,25000.0,623630.0,대한항공
157,2016-06-27,25600.0,25200.0,25600.0,24950.0,388334.0,대한항공
158,2016-06-28,25450.0,25350.0,25750.0,25200.0,190381.0,대한항공
159,2016-06-29,26000.0,25750.0,26050.0,25550.0,149819.0,대한항공
160,2016-06-30,25950.0,26050.0,26250.0,25700.0,157410.0,대한항공
161,2016-07-01,26000.0,25900.0,26150.0,25850.0,151526.0,대한항공
162,2016-07-04,25950.0,26050.0,26250.0,25950.0,142945.0,대한항공
163,2016-07-05,25650.0,25950.0,26100.0,25500.0,228065.0,대한항공
164,2016-07-06,25350.0,25700.0,25700.0,25350.0,168296.0,대한항공
165,2016-07-07,25550.0,25450.0,25700.0,25400.0,104757.0,대한항공
166,2016-07-08,25350.0,25600.0,25800.0,25000.0,160311.0,대한항공
167,2016-07-11,25700.0,25700.0,25850.0,25150.0,161138.0,대한항공
168,2016-07-12,25700.0,25900.0,26000.0,25650.0,147065.0,대한항공
169,2016-07-13,25850.0,25800.0,26250.0,25800.0,277034.0,대한항공
170,2016-07-14,25800.0,25750.0,26200.0,25700.0,247292.0,대한항공
171,2016-07-15,26800.0,26100.0,27000.0,26050.0,565920.0,대한항공
172,2016-07-18,27150.0,26600.0,27400.0,26600.0,265657.0,대한항공
173,2016-07-19,27250.0,27150.0,27300.0,26700.0,221964.0,대한항공
174,2016-07-20,26900.0,27250.0,27300.0,26850.0,174942.0,대한항공
175,2016-07-21,27500.0,27100.0,27500.0,26850.0,233821.0,대한항공
176,2016-07-22,27250.0,27400.0,27450.0,27000.0,177851.0,대한항공
177,2016-07-25,27350.0,27250.0,27350.0,26900.0,204316.0,대한항공
178,2016-07-26,26950.0,27100.0,27250.0,26650.0,199282.0,대한항공
179,2016-07-27,27350.0,26950.0,27550.0,26850.0,187588.0,대한항공
180,2016-07-28,28450.0,27350.0,28450.0,27350.0,770853.0,대한항공
181,2016-07-29,28500.0,28350.0,28600.0,28000.0,274187.0,대한항공
182,2016-08-01,28950.0,28500.0,29050.0,28200.0,490524.0,대한항공
183,2016-08-02,29300.0,28850.0,29550.0,28850.0,626491.0,대한항공
184,2016-08-03,28650.0,29000.0,29150.0,28350.0,333906.0,대한항공
185,2016-08-04,28150.0,28450.0,28600.0,27700.0,301312.0,대한항공
186,2016-08-05,28050.0,28000.0,28550.0,28000.0,187518.0,대한항공
187,2016-08-08,28150.0,28300.0,28700.0,28000.0,218853.0,대한항공
188,2016-08-09,28400.0,28250.0,28450.0,27950.0,168964.0,대한항공
189,2016-08-10,29600.0,28700.0,29600.0,28550.0,770204.0,대한항공
190,2016-08-11,30400.0,29600.0,30400.0,29400.0,989638.0,대한항공
191,2016-08-12,31300.0,30400.0,31400.0,30100.0,1190580.0,대한항공
192,2016-08-16,30900.0,31350.0,31450.0,30800.0,470718.0,대한항공
193,2016-08-17,29950.0,30800.0,30900.0,29550.0,505766.0,대한항공
194,2016-08-18,29950.0,30100.0,30950.0,29800.0,354509.0,대한항공
195,2016-08-19,30400.0,29950.0,30650.0,29950.0,363132.0,대한항공
196,2016-08-22,30300.0,30550.0,30550.0,29550.0,310252.0,대한항공
197,2016-08-23,28050.0,29800.0,29900.0,27400.0,1632246.0,대한항공
198,2016-08-24,28600.0,28150.0,28700.0,27700.0,438559.0,대한항공
199,2016-08-25,28200.0,28700.0,28850.0,28000.0,346052.0,대한항공
200,2016-08-26,29200.0,28700.0,29450.0,28300.0,579529.0,대한항공
201,2016-08-29,29100.0,29050.0,29300.0,28500.0,379057.0,대한항공
202,2016-08-30,31100.0,29100.0,31650.0,28500.0,2046185.0,대한항공
203,2016-08-31,31550.0,32050.0,32900.0,31350.0,1305133.0,대한항공
204,2016-09-01,34550.0,32100.0,34700.0,31850.0,2673595.0,대한항공
205,2016-09-02,35000.0,34900.0,35300.0,33750.0,1532287.0,대한항공
206,2016-09-05,34300.0,34100.0,34900.0,33450.0,1572707.0,대한항공
207,2016-09-06,33850.0,32900.0,34350.0,32350.0,2214513.0,대한항공
208,2016-09-07,33750.0,34500.0,34550.0,33650.0,652245.0,대한항공
209,2016-09-08,34400.0,35050.0,35450.0,33800.0,1204194.0,대한항공
210,2016-09-09,33000.0,34350.0,34350.0,32550.0,890950.0,대한항공
211,2016-09-12,32150.0,32500.0,33250.0,31950.0,516653.0,대한항공
212,2016-09-13,32050.0,32450.0,32600.0,31350.0,431107.0,대한항공
213,2016-09-19,32200.0,31600.0,32350.0,31300.0,389575.0,대한항공
214,2016-09-20,32350.0,31800.0,32700.0,31500.0,322149.0,대한항공
215,2016-09-21,32200.0,32000.0,32800.0,31750.0,382112.0,대한항공
216,2016-09-22,33950.0,32700.0,34300.0,32650.0,858426.0,대한항공
217,2016-09-23,33850.0,33950.0,34400.0,33750.0,363437.0,대한항공
218,2016-09-26,33250.0,33850.0,33950.0,33050.0,309225.0,대한항공
219,2016-09-27,34700.0,33600.0,34900.0,33600.0,808493.0,대한항공
220,2016-09-28,35650.0,33950.0,35700.0,33700.0,1115271.0,대한항공
221,2016-09-29,35450.0,35450.0,35800.0,35000.0,399819.0,대한항공
222,2016-09-30,34950.0,35450.0,35450.0,34600.0,397679.0,대한항공
223,2016-10-04,33600.0,34900.0,35000.0,33350.0,564338.0,대한항공
224,2016-10-05,32950.0,33650.0,33650.0,32750.0,429198.0,대한항공
225,2016-10-06,32000.0,32600.0,33050.0,31850.0,575072.0,대한항공
226,2016-10-07,32500.0,31700.0,32800.0,31650.0,385258.0,대한항공
227,2016-10-10,32250.0,32900.0,32900.0,32200.0,208408.0,대한항공
228,2016-10-11,32400.0,32700.0,33250.0,32150.0,439061.0,대한항공
229,2016-10-12,33050.0,32100.0,33100.0,32050.0,289322.0,대한항공
230,2016-10-13,32650.0,33000.0,33250.0,32650.0,269351.0,대한항공
231,2016-10-14,32000.0,32650.0,32950.0,32000.0,305840.0,대한항공
232,2016-10-17,31850.0,32000.0,32300.0,31100.0,330106.0,대한항공
233,2016-10-18,31100.0,31800.0,31850.0,30800.0,505041.0,대한항공
234,2016-10-19,31250.0,31150.0,31550.0,30950.0,306016.0,대한항공
235,2016-10-20,31300.0,31700.0,32250.0,31300.0,458242.0,대한항공
236,2016-10-21,31500.0,31100.0,31950.0,31100.0,235864.0,대한항공
237,2016-10-24,32150.0,32000.0,32250.0,31800.0,201001.0,대한항공
238,2016-10-25,31700.0,32000.0,32200.0,31600.0,403173.0,대한항공
239,2016-10-26,30950.0,32250.0,32250.0,30500.0,509321.0,대한항공
240,2016-10-27,31800.0,30950.0,32400.0,30950.0,378806.0,대한항공
241,2016-10-28,31950.0,31750.0,32100.0,31000.0,230916.0,대한항공
242,2016-10-31,32000.0,31700.0,32050.0,31500.0,184141.0,대한항공
243,2016-11-01,31900.0,32300.0,32400.0,31700.0,207610.0,대한항공
244,2016-11-02,31250.0,32050.0,32300.0,31150.0,211373.0,대한항공
245,2016-11-03,31400.0,31200.0,31700.0,31100.0,197000.0,대한항공
246,2016-11-04,31300.0,31400.0,31550.0,31100.0,82775.0,대한항공
247,2016-11-07,31250.0,31650.0,31850.0,30900.0,158927.0,대한항공
248,2016-11-08,31800.0,32000.0,32000.0,31050.0,238846.0,대한항공
249,2016-11-09,30800.0,32000.0,32100.0,30000.0,470013.0,대한항공
250,2016-11-10,30700.0,31500.0,31500.0,30700.0,269350.0,대한항공
251,2016-11-11,28950.0,30550.0,30700.0,28850.0,845022.0,대한항공
252,2016-11-14,29500.0,28750.0,29600.0,28600.0,299613.0,대한항공
253,2016-11-15,30100.0,29850.0,30350.0,29750.0,391930.0,대한항공
254,2016-11-16,30150.0,30150.0,30300.0,29850.0,245606.0,대한항공
255,2016-11-17,30150.0,30000.0,30350.0,29750.0,156833.0,대한항공
256,2016-11-18,30500.0,30000.0,30500.0,29400.0,385148.0,대한항공
257,2016-11-21,30500.0,30450.0,30650.0,30200.0,242649.0,대한항공
258,2016-11-22,30500.0,30300.0,30500.0,30100.0,164497.0,대한항공
259,2016-11-23,31250.0,30600.0,31800.0,30500.0,470806.0,대한항공
260,2016-11-24,30850.0,31350.0,31400.0,30600.0,249642.0,대한항공
261,2016-11-25,30850.0,30700.0,31100.0,30350.0,154065.0,대한항공
262,2016-11-28,30650.0,30550.0,30900.0,30050.0,238824.0,대한항공
263,2016-11-29,30700.0,30750.0,31100.0,30600.0,245437.0,대한항공
264,2016-11-30,31250.0,30800.0,31750.0,30800.0,487963.0,대한항공
265,2016-12-01,30300.0,30350.0,30900.0,30200.0,473662.0,대한항공
266,2016-12-02,30400.0,30250.0,30650.0,29800.0,232705.0,대한항공
267,2016-12-05,30000.0,30400.0,30500.0,30000.0,190653.0,대한항공
268,2016-12-06,30000.0,30100.0,30250.0,29550.0,290860.0,대한항공
269,2016-12-07,29050.0,30100.0,30100.0,28850.0,397382.0,대한항공
270,2016-12-08,29300.0,29200.0,29300.0,28600.0,487835.0,대한항공
271,2016-12-09,29500.0,29050.0,29550.0,28850.0,258971.0,대한항공
272,2016-12-12,29050.0,29600.0,29650.0,28900.0,313193.0,대한항공
273,2016-12-13,29500.0,29200.0,29600.0,28750.0,568927.0,대한항공
274,2016-12-14,29900.0,29450.0,30100.0,29350.0,387849.0,대한항공
275,2016-12-15,29850.0,29850.0,30050.0,29650.0,184830.0,대한항공
276,2016-12-16,29500.0,29650.0,29850.0,29100.0,258218.0,대한항공
277,2016-12-19,28900.0,29300.0,29350.0,28850.0,250263.0,대한항공
278,2016-12-20,29100.0,29050.0,29200.0,28850.0,166383.0,대한항공
279,2016-12-21,28750.0,28950.0,29150.0,28750.0,185554.0,대한항공
280,2016-12-22,29050.0,28700.0,29050.0,28650.0,253685.0,대한항공
281,2016-12-23,28750.0,28750.0,28950.0,28700.0,197057.0,대한항공
282,2016-12-26,28800.0,28550.0,28900.0,28550.0,240198.0,대한항공
283,2016-12-27,28700.0,28700.0,29050.0,28650.0,118859.0,대한항공
284,2016-12-28,28400.0,28600.0,28700.0,28200.0,199447.0,대한항공
285,2016-12-29,27350.0,28050.0,28300.0,27250.0,552721.0,대한항공
286,2017-01-02,26750.0,27350.0,27500.0,26650.0,382705.0,대한항공
287,2017-01-03,27100.0,26800.0,27100.0,26700.0,422614.0,대한항공
288,2017-01-04,27050.0,27100.0,27100.0,26600.0,445005.0,대한항공
289,2017-01-05,27400.0,27000.0,27500.0,27000.0,643999.0,대한항공
290,2017-01-06,26800.0,26100.0,27050.0,25950.0,2380202.0,대한항공
291,2017-01-09,26050.0,26650.0,26700.0,25850.0,749120.0,대한항공
292,2017-01-10,26050.0,26200.0,26350.0,25850.0,380018.0,대한항공
293,2017-01-11,26350.0,26150.0,26350.0,25950.0,390851.0,대한항공
294,2017-01-12,27200.0,26350.0,27250.0,26250.0,648337.0,대한항공
295,2017-01-13,27100.0,26900.0,27150.0,26650.0,370633.0,대한항공
296,2017-01-16,27150.0,27250.0,27400.0,26850.0,306630.0,대한항공
297,2017-01-17,26950.0,27150.0,27200.0,26900.0,232121.0,대한항공
298,2017-01-18,27400.0,27100.0,27550.0,27100.0,322413.0,대한항공
299,2017-01-19,27900.0,27250.0,28100.0,27250.0,622337.0,대한항공
300,2017-01-20,28000.0,28000.0,28050.0,27550.0,398907.0,대한항공
301,2017-01-23,28400.0,27600.0,28400.0,27600.0,563275.0,대한항공
302,2017-01-24,26450.0,26700.0,27000.0,26350.0,432065.0,대한항공
303,2017-01-25,25900.0,26450.0,26600.0,25800.0,285310.0,대한항공
304,2017-01-26,26450.0,25950.0,26550.0,25350.0,419953.0,대한항공
305,2017-01-31,26350.0,26400.0,26600.0,26000.0,262626.0,대한항공
306,2017-02-01,27000.0,26500.0,27000.0,26350.0,363021.0,대한항공
307,2017-02-02,27150.0,27050.0,27450.0,26750.0,299115.0,대한항공
308,2017-02-03,26850.0,27300.0,27350.0,26350.0,360592.0,대한항공
309,2017-02-06,26450.0,26700.0,26900.0,26400.0,194877.0,대한항공
310,2017-02-07,26900.0,26450.0,26950.0,26400.0,197581.0,대한항공
311,2017-02-08,26600.0,26750.0,26750.0,26450.0,242499.0,대한항공
312,2017-02-09,26800.0,26500.0,26950.0,26500.0,240182.0,대한항공
313,2017-02-10,27500.0,27150.0,27500.0,26850.0,405822.0,대한항공
314,2017-02-13,27450.0,27500.0,27650.0,27050.0,248072.0,대한항공
315,2017-02-14,27800.0,27350.0,27850.0,27300.0,297848.0,대한항공
316,2017-02-15,27300.0,27900.0,28050.0,27250.0,351461.0,대한항공
317,2017-02-16,26550.0,27250.0,27300.0,26400.0,597523.0,대한항공
318,2017-02-17,26400.0,26450.0,26500.0,25950.0,611549.0,대한항공
319,2017-02-20,26750.0,26350.0,26800.0,26200.0,615934.0,대한항공
320,2017-02-21,27850.0,26750.0,27950.0,26600.0,1443824.0,대한항공
321,2017-02-22,28400.0,27850.0,28850.0,27800.0,1556792.0,대한항공
322,2017-02-23,29100.0,28600.0,29250.0,28150.0,920414.0,대한항공
323,2017-02-24,28800.0,29000.0,29200.0,28150.0,616767.0,대한항공
324,2017-02-27,28450.0,28800.0,29100.0,28200.0,299510.0,대한항공
325,2017-02-28,28900.0,28300.0,29000.0,27950.0,571059.0,대한항공
326,2017-03-02,28300.0,29100.0,29100.0,28150.0,532829.0,대한항공
327,2017-03-03,26950.0,27850.0,27900.0,26600.0,963489.0,대한항공
328,2017-03-06,26900.0,26550.0,27150.0,26200.0,713765.0,대한항공
329,2017-03-07,27100.0,26900.0,27250.0,26700.0,376243.0,대한항공
330,2017-03-08,26800.0,26950.0,26950.0,26350.0,671408.0,대한항공
331,2017-03-09,28150.0,26750.0,28250.0,26700.0,1168555.0,대한항공
332,2017-03-10,27800.0,28150.0,28600.0,27600.0,587569.0,대한항공
333,2017-03-13,28050.0,27850.0,28250.0,27650.0,306265.0,대한항공
334,2017-03-14,29150.0,28100.0,29550.0,28050.0,767683.0,대한항공
335,2017-03-15,29200.0,29050.0,29350.0,28400.0,512674.0,대한항공
336,2017-03-16,29450.0,29450.0,30200.0,29400.0,710095.0,대한항공
337,2017-03-17,29750.0,29450.0,29750.0,28850.0,492082.0,대한항공
338,2017-03-20,29650.0,29750.0,29950.0,29100.0,320070.0,대한항공
339,2017-03-21,30900.0,29700.0,31000.0,29650.0,1028182.0,대한항공
340,2017-03-22,30100.0,30600.0,31000.0,30050.0,533265.0,대한항공
341,2017-03-23,30700.0,30450.0,31250.0,30350.0,765859.0,대한항공
342,2017-03-24,30950.0,30200.0,31250.0,30200.0,1034563.0,대한항공
343,2017-03-27,31500.0,30750.0,31550.0,30450.0,707225.0,대한항공
344,2017-03-28,31550.0,31100.0,31650.0,31100.0,1001175.0,대한항공
345,2017-03-29,31750.0,31500.0,32400.0,31300.0,943568.0,대한항공
346,2017-03-30,30800.0,31700.0,31750.0,30650.0,776289.0,대한항공
347,2017-03-31,31550.0,30900.0,31700.0,30750.0,625966.0,대한항공
348,2017-04-03,31100.0,31700.0,31700.0,30750.0,630671.0,대한항공
349,2017-04-04,31100.0,31000.0,31350.0,31000.0,432838.0,대한항공
350,2017-04-05,30950.0,31100.0,31250.0,30600.0,436059.0,대한항공
351,2017-04-06,30550.0,30900.0,30900.0,30300.0,425638.0,대한항공
352,2017-04-07,30500.0,30750.0,31200.0,30300.0,690220.0,대한항공
353,2017-04-10,29850.0,30500.0,30600.0,29400.0,763370.0,대한항공
354,2017-04-11,30600.0,29700.0,30650.0,29700.0,522979.0,대한항공
355,2017-04-12,30150.0,30800.0,30850.0,30150.0,516441.0,대한항공
356,2017-04-13,30700.0,30450.0,30750.0,30300.0,393846.0,대한항공
357,2017-04-14,30000.0,30300.0,30600.0,29750.0,409281.0,대한항공
358,2017-04-17,30350.0,30000.0,30650.0,30000.0,395225.0,대한항공
359,2017-04-18,30050.0,30600.0,30650.0,29500.0,798592.0,대한항공
360,2017-04-19,29650.0,29950.0,30150.0,29500.0,510776.0,대한항공
361,2017-04-20,30000.0,29500.0,30100.0,29500.0,345440.0,대한항공
362,2017-04-21,30750.0,30150.0,30800.0,29900.0,635051.0,대한항공
363,2017-04-24,30850.0,30800.0,31000.0,30550.0,509239.0,대한항공
364,2017-04-25,31000.0,30950.0,31050.0,30450.0,440791.0,대한항공
365,2017-04-26,30950.0,31150.0,31200.0,30700.0,429616.0,대한항공
366,2017-04-27,31300.0,31100.0,31350.0,30800.0,543329.0,대한항공
367,2017-04-28,30650.0,31050.0,31200.0,30500.0,477321.0,대한항공
368,2017-05-02,30850.0,30700.0,31050.0,30550.0,308134.0,대한항공
369,2017-05-04,32800.0,31050.0,32950.0,31050.0,1689919.0,대한항공
370,2017-05-08,32550.0,33000.0,33000.0,32150.0,769791.0,대한항공
371,2017-05-10,31900.0,32300.0,32750.0,31800.0,897160.0,대한항공
372,2017-05-11,31600.0,32200.0,32450.0,31250.0,1013519.0,대한항공
373,2017-05-12,32250.0,31950.0,32600.0,31750.0,788731.0,대한항공
374,2017-05-15,32200.0,32150.0,32700.0,32000.0,490314.0,대한항공
375,2017-05-16,32250.0,32150.0,32500.0,31650.0,569346.0,대한항공
376,2017-05-17,32750.0,32550.0,32800.0,32200.0,621720.0,대한항공
377,2017-05-18,32700.0,32200.0,33150.0,32150.0,734094.0,대한항공
378,2017-05-19,33300.0,33050.0,33650.0,32850.0,855733.0,대한항공
379,2017-05-22,32950.0,33300.0,33400.0,32700.0,595861.0,대한항공
380,2017-05-23,33350.0,33200.0,33500.0,32850.0,469839.0,대한항공
381,2017-05-24,34450.0,33500.0,34750.0,33400.0,1038894.0,대한항공
382,2017-05-25,35250.0,34800.0,35400.0,34300.0,804529.0,대한항공
383,2017-05-26,35500.0,35700.0,36250.0,35200.0,1025325.0,대한항공
384,2017-05-29,35050.0,35500.0,35500.0,34700.0,765498.0,대한항공
385,2017-05-30,35250.0,35100.0,35550.0,35000.0,400282.0,대한항공
386,2017-05-31,35500.0,35350.0,35700.0,34900.0,604928.0,대한항공
387,2017-06-01,35100.0,35650.0,35650.0,34550.0,587706.0,대한항공
388,2017-06-02,36350.0,35350.0,36350.0,35200.0,923363.0,대한항공
389,2017-06-05,36100.0,36550.0,36850.0,35950.0,513173.0,대한항공
390,2017-06-07,37400.0,36000.0,37500.0,36000.0,1025720.0,대한항공
391,2017-06-08,37500.0,38000.0,38000.0,36950.0,944326.0,대한항공
392,2017-06-09,37950.0,37550.0,38500.0,37550.0,630793.0,대한항공
393,2017-06-12,37200.0,37900.0,37900.0,37000.0,532959.0,대한항공
394,2017-06-13,37300.0,37000.0,37900.0,36950.0,661554.0,대한항공
395,2017-06-14,37700.0,37500.0,37700.0,36950.0,745297.0,대한항공
396,2017-06-15,37200.0,37850.0,37900.0,37100.0,399967.0,대한항공
397,2017-06-16,36850.0,37200.0,37250.0,36550.0,512828.0,대한항공
398,2017-06-19,38750.0,36800.0,38750.0,36750.0,1032867.0,대한항공
399,2017-06-20,37950.0,39200.0,39250.0,37750.0,771189.0,대한항공
400,2017-06-21,38000.0,38300.0,38450.0,37500.0,731786.0,대한항공
401,2017-06-22,38500.0,38300.0,38950.0,37900.0,742648.0,대한항공
402,2017-06-23,38500.0,38600.0,39200.0,38350.0,459292.0,대한항공
403,2017-06-26,37900.0,39150.0,39150.0,37650.0,531947.0,대한항공
404,2017-06-27,38250.0,37700.0,38450.0,37700.0,375782.0,대한항공
405,2017-06-28,38000.0,38150.0,38400.0,37750.0,384878.0,대한항공
406,2017-06-29,38700.0,38050.0,38800.0,38050.0,511785.0,대한항공
407,2017-06-30,38700.0,38650.0,38900.0,38300.0,413404.0,대한항공
408,2017-07-03,37500.0,38750.0,39050.0,37100.0,791253.0,대한항공
409,2017-07-04,36150.0,37550.0,37650.0,35900.0,1522573.0,대한항공
410,2017-07-05,36800.0,36150.0,36800.0,35750.0,827345.0,대한항공
411,2017-07-06,36700.0,37300.0,37300.0,36500.0,623275.0,대한항공
412,2017-07-07,35900.0,36150.0,36850.0,35250.0,1074694.0,대한항공
413,2017-07-10,36600.0,36150.0,36900.0,36050.0,503379.0,대한항공
414,2017-07-11,36950.0,36500.0,37000.0,36050.0,495604.0,대한항공
415,2017-07-12,36300.0,37000.0,37100.0,36100.0,402467.0,대한항공
416,2017-07-13,36450.0,36450.0,36850.0,36200.0,443394.0,대한항공
417,2017-07-14,35450.0,36450.0,36500.0,35050.0,675640.0,대한항공
418,2017-07-17,36500.0,35450.0,36650.0,35400.0,458400.0,대한항공
419,2017-07-18,36800.0,36700.0,37100.0,36650.0,316032.0,대한항공
420,2017-07-19,37400.0,37000.0,37500.0,36800.0,369961.0,대한항공
421,2017-07-20,37350.0,37500.0,37700.0,37100.0,570864.0,대한항공
422,2017-07-21,37000.0,37300.0,37450.0,36600.0,370531.0,대한항공
423,2017-07-24,37300.0,37000.0,37350.0,36850.0,299501.0,대한항공
424,2017-07-25,36200.0,37350.0,37400.0,36000.0,483361.0,대한항공
425,2017-07-26,34700.0,36400.0,36500.0,34550.0,860548.0,대한항공
426,2017-07-27,36000.0,34850.0,36100.0,34750.0,539296.0,대한항공
427,2017-07-28,36000.0,36000.0,36450.0,35050.0,540311.0,대한항공
428,2017-07-31,35600.0,35800.0,36150.0,35450.0,309618.0,대한항공
429,2017-08-01,36150.0,35350.0,36550.0,35300.0,381148.0,대한항공
430,2017-08-02,37250.0,36400.0,37450.0,36350.0,687328.0,대한항공
431,2017-08-03,35950.0,37250.0,37600.0,35650.0,516888.0,대한항공
432,2017-08-04,36100.0,36000.0,36450.0,35950.0,299658.0,대한항공
433,2017-08-07,35750.0,35900.0,36150.0,35400.0,268143.0,대한항공
434,2017-08-08,36800.0,35700.0,37100.0,35700.0,548699.0,대한항공
435,2017-08-09,36650.0,36700.0,37200.0,36600.0,420642.0,대한항공
436,2017-08-10,36600.0,36450.0,37000.0,35850.0,481343.0,대한항공
437,2017-08-11,35400.0,35950.0,36000.0,34500.0,960817.0,대한항공
438,2017-08-14,35650.0,35350.0,35750.0,35000.0,293985.0,대한항공
439,2017-08-16,35650.0,35800.0,36100.0,35500.0,350260.0,대한항공
440,2017-08-17,35400.0,35650.0,35800.0,35350.0,274606.0,대한항공
441,2017-08-18,34150.0,34900.0,35050.0,33950.0,1057214.0,대한항공
442,2017-08-21,33000.0,33900.0,33950.0,32200.0,1350222.0,대한항공
443,2017-08-22,32800.0,33100.0,33500.0,32550.0,531207.0,대한항공
444,2017-08-23,32650.0,33000.0,33050.0,32250.0,585893.0,대한항공
445,2017-08-24,33450.0,32900.0,33850.0,32850.0,722723.0,대한항공
446,2017-08-25,33150.0,33600.0,33600.0,33050.0,434318.0,대한항공
447,2017-08-28,33050.0,33350.0,33550.0,32800.0,296394.0,대한항공
448,2017-08-29,32650.0,32850.0,33150.0,32300.0,504863.0,대한항공
449,2017-08-30,33150.0,32800.0,33250.0,32750.0,348973.0,대한항공
450,2017-08-31,33200.0,33200.0,33550.0,32950.0,528637.0,대한항공
451,2017-09-01,33050.0,33150.0,33600.0,32950.0,413851.0,대한항공
452,2017-09-04,31950.0,31750.0,32600.0,31750.0,640338.0,대한항공
453,2017-09-05,32150.0,32050.0,32250.0,31750.0,370852.0,대한항공
454,2017-09-06,31850.0,32200.0,32250.0,31700.0,382256.0,대한항공
455,2017-09-07,31750.0,31950.0,32200.0,31700.0,460676.0,대한항공
456,2017-09-08,31750.0,31800.0,31950.0,31250.0,375230.0,대한항공
457,2017-09-11,32750.0,32100.0,33100.0,31900.0,568569.0,대한항공
458,2017-09-12,32850.0,32950.0,32950.0,32350.0,355770.0,대한항공
459,2017-09-13,32800.0,32800.0,32850.0,32100.0,415686.0,대한항공
460,2017-09-14,32900.0,32550.0,33050.0,32350.0,441578.0,대한항공
461,2017-09-15,32450.0,32500.0,32650.0,32200.0,391987.0,대한항공
462,2017-09-18,32450.0,32350.0,32850.0,32250.0,314149.0,대한항공
463,2017-09-19,33400.0,32350.0,33400.0,32200.0,542586.0,대한항공
464,2017-09-20,32900.0,33550.0,33700.0,32800.0,366662.0,대한항공
465,2017-09-21,31800.0,32550.0,32800.0,31800.0,358325.0,대한항공
466,2017-09-22,31500.0,31500.0,31850.0,31300.0,351923.0,대한항공
467,2017-09-25,30900.0,31500.0,31750.0,30550.0,331815.0,대한항공
468,2017-09-26,30550.0,30900.0,30900.0,30200.0,507659.0,대한항공
469,2017-09-27,30450.0,30750.0,30850.0,30300.0,263177.0,대한항공
470,2017-09-28,29800.0,30450.0,30450.0,29600.0,662653.0,대한항공
471,2017-09-29,30800.0,29850.0,30800.0,29800.0,481661.0,대한항공
472,2017-10-10,30200.0,31000.0,31100.0,30150.0,529393.0,대한항공
473,2017-10-11,29750.0,30100.0,30200.0,29650.0,532582.0,대한항공
474,2017-10-12,29900.0,29700.0,30250.0,29700.0,526294.0,대한항공
475,2017-10-13,30100.0,29900.0,30400.0,29800.0,440720.0,대한항공
476,2017-10-16,30300.0,30400.0,30450.0,30050.0,452201.0,대한항공
477,2017-10-17,29750.0,29800.0,30000.0,29600.0,549660.0,대한항공
478,2017-10-18,29400.0,29900.0,29900.0,29150.0,496474.0,대한항공
479,2017-10-19,31050.0,29450.0,31150.0,29450.0,806595.0,대한항공
480,2017-10-20,31150.0,30950.0,31350.0,30700.0,390011.0,대한항공
481,2017-10-23,30250.0,31150.0,31200.0,30100.0,480035.0,대한항공
482,2017-10-24,30200.0,30050.0,30350.0,29950.0,369091.0,대한항공
483,2017-10-25,30500.0,30200.0,30500.0,29950.0,330892.0,대한항공
484,2017-10-26,32300.0,30450.0,32500.0,30150.0,1358053.0,대한항공
485,2017-10-27,31850.0,32400.0,33250.0,31750.0,926863.0,대한항공
486,2017-10-30,31400.0,32100.0,32600.0,31250.0,498952.0,대한항공
487,2017-10-31,31650.0,31750.0,32200.0,31450.0,619690.0,대한항공
488,2017-11-01,30950.0,31300.0,31700.0,30850.0,574974.0,대한항공
489,2017-11-02,31000.0,31200.0,31500.0,30800.0,515825.0,대한항공
490,2017-11-03,31100.0,31000.0,31350.0,30850.0,391876.0,대한항공
491,2017-11-06,31900.0,31250.0,32050.0,31250.0,670075.0,대한항공
492,2017-11-07,31300.0,31650.0,31700.0,30950.0,652685.0,대한항공
493,2017-11-08,30600.0,31200.0,31400.0,30350.0,849680.0,대한항공
494,2017-11-09,30400.0,30750.0,30850.0,30350.0,512534.0,대한항공
495,2017-11-10,30500.0,30400.0,30900.0,30350.0,322358.0,대한항공
496,2017-11-13,30600.0,30600.0,30900.0,30500.0,400004.0,대한항공
497,2017-11-14,30700.0,30750.0,30800.0,30150.0,502911.0,대한항공
498,2017-11-15,30000.0,30450.0,30550.0,30000.0,800541.0,대한항공
499,2017-11-16,31050.0,30050.0,31400.0,29850.0,885967.0,대한항공
500,2017-11-17,32750.0,31450.0,33250.0,31350.0,2631860.0,대한항공
501,2017-11-20,32950.0,33150.0,33650.0,32850.0,1103011.0,대한항공
502,2017-11-21,32150.0,32950.0,32950.0,32000.0,678900.0,대한항공
503,2017-11-22,32200.0,32550.0,32900.0,31900.0,537150.0,대한항공
504,2017-11-23,32600.0,32550.0,33150.0,32350.0,570182.0,대한항공
505,2017-11-24,32500.0,32900.0,33250.0,32300.0,530941.0,대한항공
506,2017-11-27,31850.0,32600.0,32800.0,31800.0,472095.0,대한항공
507,2017-11-28,31600.0,32050.0,32500.0,31550.0,708754.0,대한항공
508,2017-11-29,31300.0,31850.0,32250.0,31050.0,850385.0,대한항공
509,2017-11-30,31350.0,31800.0,32050.0,31350.0,682573.0,대한항공
510,2017-12-01,30750.0,31550.0,31600.0,30550.0,659760.0,대한항공
511,2017-12-04,31050.0,30750.0,31150.0,30600.0,417971.0,대한항공
512,2017-12-05,32050.0,31150.0,32400.0,31000.0,789985.0,대한항공
513,2017-12-06,31750.0,31900.0,32850.0,31700.0,1028565.0,대한항공
514,2017-12-07,31800.0,32250.0,32700.0,31650.0,909709.0,대한항공
515,2017-12-08,31550.0,31850.0,31900.0,30900.0,760954.0,대한항공
516,2017-12-11,31500.0,31650.0,31850.0,31150.0,527607.0,대한항공
517,2017-12-12,31000.0,31400.0,31600.0,30900.0,592898.0,대한항공
518,2017-12-13,33100.0,31300.0,33200.0,31250.0,1669018.0,대한항공
519,2017-12-14,33550.0,33100.0,34300.0,32900.0,2075397.0,대한항공
520,2017-12-15,33900.0,33850.0,34200.0,33300.0,636315.0,대한항공
521,2017-12-18,33700.0,34200.0,34200.0,33550.0,462594.0,대한항공
522,2017-12-19,34350.0,33900.0,34500.0,33800.0,698514.0,대한항공
523,2017-12-20,33850.0,34400.0,34400.0,33600.0,364621.0,대한항공
524,2017-12-21,32850.0,33850.0,33850.0,32850.0,691072.0,대한항공
525,2017-12-22,33150.0,32900.0,33300.0,32650.0,353054.0,대한항공
526,2017-12-26,33500.0,33100.0,33700.0,32900.0,517429.0,대한항공
527,2017-12-27,33450.0,33300.0,33750.0,33000.0,394608.0,대한항공
528,2017-12-28,33850.0,33500.0,34050.0,33250.0,405858.0,대한항공
529,2018-01-02,35900.0,34100.0,36100.0,34100.0,1360084.0,대한항공
530,2018-01-03,35750.0,35950.0,36150.0,35550.0,497403.0,대한항공
531,2018-01-04,34900.0,35500.0,35950.0,34900.0,571308.0,대한항공
532,2018-01-05,34900.0,35250.0,35250.0,34450.0,489822.0,대한항공
533,2018-01-08,36100.0,35100.0,36150.0,35100.0,841491.0,대한항공
534,2018-01-09,36300.0,36000.0,36850.0,35650.0,583993.0,대한항공
535,2018-01-10,35750.0,36000.0,36150.0,35600.0,590370.0,대한항공
536,2018-01-11,35950.0,35700.0,36250.0,35450.0,769974.0,대한항공
537,2018-01-12,36750.0,35950.0,37000.0,35900.0,695593.0,대한항공
538,2018-01-15,37600.0,36750.0,37850.0,36500.0,939552.0,대한항공
539,2018-01-16,37350.0,37850.0,38150.0,37200.0,519667.0,대한항공
540,2018-01-17,37450.0,37400.0,37550.0,36550.0,533348.0,대한항공
541,2018-01-18,36650.0,37650.0,37700.0,36250.0,701894.0,대한항공
542,2018-01-19,37000.0,36700.0,37500.0,36550.0,481361.0,대한항공
543,2018-01-22,36350.0,37100.0,37250.0,35800.0,592419.0,대한항공
544,2018-01-23,36400.0,36300.0,36950.0,36250.0,451533.0,대한항공
545,2018-01-24,37850.0,36400.0,38000.0,36200.0,899844.0,대한항공
546,2018-01-25,38000.0,38050.0,38250.0,37550.0,647240.0,대한항공
547,2018-01-26,38550.0,37900.0,38700.0,37800.0,642255.0,대한항공
548,2018-01-29,38350.0,38850.0,39500.0,38250.0,769458.0,대한항공
549,2018-01-30,37800.0,38400.0,38800.0,37600.0,563361.0,대한항공
550,2018-01-31,38550.0,37450.0,38550.0,37300.0,524647.0,대한항공
551,2018-02-01,38350.0,38450.0,38800.0,37850.0,401909.0,대한항공
552,2018-02-02,37450.0,38000.0,38350.0,37200.0,580167.0,대한항공
553,2018-02-05,36050.0,36750.0,36800.0,35600.0,865010.0,대한항공
554,2018-02-06,35700.0,34600.0,35950.0,34200.0,1057475.0,대한항공
555,2018-02-07,35250.0,36500.0,36750.0,35100.0,687366.0,대한항공
556,2018-02-08,35500.0,35500.0,36150.0,35250.0,661918.0,대한항공
557,2018-02-09,36000.0,34450.0,36150.0,34400.0,593051.0,대한항공
558,2018-02-12,36200.0,36300.0,36650.0,35900.0,518581.0,대한항공
559,2018-02-13,35400.0,36400.0,36550.0,35400.0,462148.0,대한항공
560,2018-02-14,35400.0,35600.0,36050.0,34950.0,360404.0,대한항공
561,2018-02-19,36400.0,35900.0,36450.0,35800.0,378645.0,대한항공
562,2018-02-20,35400.0,36450.0,36450.0,35350.0,342697.0,대한항공
563,2018-02-21,35350.0,35350.0,35950.0,35150.0,237279.0,대한항공
564,2018-02-22,35000.0,35050.0,35450.0,34800.0,260174.0,대한항공
565,2018-02-23,35150.0,35200.0,35400.0,34550.0,321125.0,대한항공
566,2018-02-26,33900.0,35300.0,35550.0,33600.0,932870.0,대한항공
567,2018-02-27,33900.0,33900.0,34300.0,33650.0,527398.0,대한항공
568,2018-02-28,32650.0,33650.0,33750.0,32650.0,830726.0,대한항공
569,2018-03-02,32550.0,32200.0,33100.0,32050.0,458824.0,대한항공
570,2018-03-05,32150.0,32150.0,32800.0,31950.0,325177.0,대한항공
571,2018-03-06,32400.0,32400.0,32600.0,32100.0,320088.0,대한항공
572,2018-03-07,32450.0,32850.0,33000.0,31900.0,627860.0,대한항공
573,2018-03-08,32700.0,32850.0,33050.0,32550.0,397505.0,대한항공
574,2018-03-09,33900.0,33200.0,34050.0,32700.0,769329.0,대한항공
575,2018-03-12,33850.0,34000.0,34050.0,33250.0,555576.0,대한항공
576,2018-03-13,33250.0,33750.0,33850.0,33100.0,410440.0,대한항공
577,2018-03-14,33350.0,33000.0,33500.0,32700.0,399838.0,대한항공
578,2018-03-15,33150.0,33200.0,33300.0,32700.0,237229.0,대한항공
579,2018-03-16,32950.0,33000.0,33250.0,32800.0,368623.0,대한항공
580,2018-03-19,32750.0,32700.0,33100.0,32550.0,338122.0,대한항공
581,2018-03-20,32900.0,32550.0,32950.0,32350.0,393986.0,대한항공
582,2018-03-21,32500.0,32950.0,33050.0,32500.0,372503.0,대한항공
583,2018-03-22,32350.0,32600.0,33150.0,32200.0,534042.0,대한항공
584,2018-03-23,30800.0,31850.0,32000.0,30700.0,1026973.0,대한항공
585,2018-03-26,31200.0,30450.0,31200.0,30100.0,572109.0,대한항공
586,2018-03-27,31850.0,31450.0,31950.0,31200.0,368311.0,대한항공
587,2018-03-28,31300.0,31600.0,31850.0,31200.0,349321.0,대한항공
588,2018-03-29,32700.0,31300.0,32850.0,31300.0,762724.0,대한항공
589,2018-03-30,33800.0,33150.0,34100.0,33150.0,969179.0,대한항공
590,2018-04-02,34350.0,34250.0,35000.0,34000.0,800773.0,대한항공
591,2018-04-03,35950.0,34250.0,35950.0,34150.0,1488174.0,대한항공
592,2018-04-04,35400.0,35900.0,36100.0,35300.0,664578.0,대한항공
593,2018-04-05,35550.0,35900.0,36300.0,35400.0,519845.0,대한항공
594,2018-04-06,35550.0,35450.0,36150.0,35100.0,420441.0,대한항공
595,2018-04-09,35450.0,35150.0,35850.0,34900.0,475510.0,대한항공
596,2018-04-10,35950.0,35300.0,36000.0,34900.0,602388.0,대한항공
597,2018-04-11,35900.0,35850.0,36100.0,35450.0,351539.0,대한항공
598,2018-04-12,33550.0,35650.0,35750.0,33350.0,1340498.0,대한항공
599,2018-04-13,33950.0,33650.0,34200.0,33450.0,689072.0,대한항공
600,2018-04-16,33100.0,33550.0,33600.0,32600.0,1600474.0,대한항공
601,2018-04-17,33700.0,33300.0,33900.0,33150.0,838114.0,대한항공
602,2018-04-18,34400.0,33700.0,34600.0,33700.0,711301.0,대한항공
603,2018-04-19,33400.0,34000.0,34050.0,33000.0,1002289.0,대한항공
604,2018-04-20,33350.0,33100.0,33600.0,32700.0,425452.0,대한항공
605,2018-04-23,34250.0,33500.0,34350.0,32800.0,971761.0,대한항공
606,2018-04-24,34250.0,34150.0,34500.0,33650.0,692289.0,대한항공
607,2018-04-25,34450.0,34050.0,34800.0,33800.0,728031.0,대한항공
608,2018-04-26,33750.0,34450.0,34700.0,33300.0,772345.0,대한항공
609,2018-04-27,33900.0,33750.0,34350.0,33650.0,556401.0,대한항공
610,2018-04-30,34150.0,33800.0,34400.0,33600.0,535569.0,대한항공
611,2018-05-02,33950.0,34250.0,34350.0,33600.0,429287.0,대한항공
612,2018-05-03,33450.0,34000.0,34050.0,33400.0,356347.0,대한항공
613,2018-05-04,34150.0,33450.0,34750.0,33250.0,789532.0,대한항공
614,2018-05-08,33350.0,34500.0,34550.0,33200.0,754231.0,대한항공
615,2018-05-09,33450.0,33200.0,33850.0,32200.0,850912.0,대한항공
616,2018-05-10,32950.0,33250.0,33450.0,32850.0,782726.0,대한항공
617,2018-05-11,34100.0,33150.0,34400.0,33100.0,703071.0,대한항공
618,2018-05-14,34500.0,34200.0,34850.0,34150.0,481184.0,대한항공
619,2018-05-15,34150.0,34500.0,34600.0,33900.0,326214.0,대한항공
620,2018-05-16,33700.0,33900.0,34000.0,33250.0,539136.0,대한항공
621,2018-05-17,32750.0,33600.0,33600.0,32450.0,893468.0,대한항공
622,2018-05-18,32350.0,32550.0,32900.0,32100.0,603390.0,대한항공
623,2018-05-21,32250.0,32250.0,32400.0,31800.0,315270.0,대한항공
624,2018-05-23,31700.0,32000.0,32350.0,31600.0,657651.0,대한항공
625,2018-05-24,32100.0,31700.0,32200.0,31600.0,265830.0,대한항공
626,2018-05-25,31800.0,31800.0,32200.0,31700.0,266648.0,대한항공
627,2018-05-28,32950.0,32200.0,33200.0,32100.0,804208.0,대한항공
628,2018-05-29,32750.0,33250.0,33250.0,32500.0,363557.0,대한항공
629,2018-05-30,32000.0,32550.0,32800.0,31800.0,490347.0,대한항공
630,2018-05-31,31950.0,32350.0,32400.0,31650.0,488654.0,대한항공
631,2018-06-01,32000.0,31850.0,32500.0,31750.0,429001.0,대한항공
632,2018-06-04,32250.0,32200.0,32550.0,31950.0,310465.0,대한항공
633,2018-06-05,32050.0,32400.0,32400.0,31800.0,345561.0,대한항공
634,2018-06-07,31900.0,32150.0,32400.0,31850.0,483771.0,대한항공
635,2018-06-08,31750.0,31900.0,32150.0,31700.0,384245.0,대한항공
636,2018-06-11,32550.0,31950.0,32700.0,31750.0,660649.0,대한항공
637,2018-06-12,33300.0,32750.0,33700.0,32450.0,904888.0,대한항공
638,2018-06-14,33000.0,33150.0,33650.0,32650.0,750321.0,대한항공
639,2018-06-15,32000.0,32900.0,33050.0,31700.0,856523.0,대한항공
640,2018-06-18,30650.0,31700.0,31950.0,30300.0,953419.0,대한항공
641,2018-06-19,29450.0,30300.0,30500.0,29250.0,934672.0,대한항공
642,2018-06-20,29750.0,29350.0,29900.0,29150.0,478831.0,대한항공
643,2018-06-21,28100.0,29550.0,29700.0,28000.0,1069115.0,대한항공
644,2018-06-22,28150.0,28100.0,28700.0,27750.0,482579.0,대한항공
645,2018-06-25,28550.0,28150.0,28600.0,28100.0,373695.0,대한항공
646,2018-06-26,28650.0,28300.0,28750.0,28200.0,332776.0,대한항공
647,2018-06-27,28050.0,28350.0,28450.0,27750.0,602837.0,대한항공
648,2018-06-28,27050.0,27700.0,27800.0,26900.0,880573.0,대한항공
649,2018-06-29,28250.0,27300.0,28300.0,27200.0,568197.0,대한항공
650,2018-07-02,27100.0,28200.0,28250.0,26600.0,740922.0,대한항공
651,2018-07-03,27400.0,27300.0,27700.0,27000.0,432265.0,대한항공
652,2018-07-04,27450.0,27150.0,27850.0,27150.0,258042.0,대한항공
653,2018-07-05,27750.0,27500.0,28000.0,27100.0,379808.0,대한항공
654,2018-07-06,27950.0,28000.0,28250.0,27700.0,291143.0,대한항공
655,2018-07-09,27850.0,28200.0,28250.0,27550.0,352082.0,대한항공
656,2018-07-10,28550.0,27950.0,28800.0,27900.0,530524.0,대한항공
657,2018-07-11,28850.0,28600.0,29150.0,28550.0,584296.0,대한항공
658,2018-07-12,28050.0,28900.0,28950.0,28050.0,473889.0,대한항공
659,2018-07-13,29100.0,28500.0,29250.0,28150.0,518543.0,대한항공
660,2018-07-16,28900.0,29100.0,29450.0,28650.0,419545.0,대한항공
661,2018-07-17,29100.0,29100.0,29750.0,28900.0,675028.0,대한항공
662,2018-07-18,28600.0,29100.0,29300.0,28450.0,331729.0,대한항공
663,2018-07-19,28050.0,28650.0,28950.0,27850.0,400184.0,대한항공
664,2018-07-20,27950.0,28000.0,28050.0,27250.0,473050.0,대한항공
665,2018-07-23,27850.0,27650.0,28350.0,27650.0,357073.0,대한항공
666,2018-07-24,27500.0,27950.0,28200.0,27100.0,458463.0,대한항공
667,2018-07-25,28000.0,27600.0,28800.0,27600.0,388223.0,대한항공
668,2018-07-26,28400.0,28400.0,28500.0,28100.0,304684.0,대한항공
669,2018-07-27,28300.0,28600.0,28600.0,28000.0,212009.0,대한항공
670,2018-07-30,28200.0,28250.0,28450.0,27950.0,176935.0,대한항공
671,2018-07-31,29200.0,28450.0,29200.0,28200.0,538227.0,대한항공
672,2018-08-01,29600.0,29500.0,29800.0,29300.0,514859.0,대한항공
673,2018-08-02,28900.0,29450.0,29800.0,28700.0,379079.0,대한항공
674,2018-08-03,29050.0,29050.0,29100.0,28700.0,330184.0,대한항공
675,2018-08-06,28750.0,28800.0,29200.0,28550.0,244758.0,대한항공
676,2018-08-07,28900.0,28600.0,29050.0,28600.0,173498.0,대한항공
677,2018-08-08,28500.0,28800.0,28800.0,28450.0,197745.0,대한항공
678,2018-08-09,29050.0,28500.0,29050.0,28400.0,362312.0,대한항공
679,2018-08-10,28650.0,28850.0,29050.0,28500.0,210346.0,대한항공
680,2018-08-13,27850.0,28500.0,28750.0,27700.0,310365.0,대한항공
681,2018-08-14,27550.0,27750.0,27750.0,27150.0,385303.0,대한항공
682,2018-08-16,27100.0,27300.0,27350.0,26650.0,477051.0,대한항공
683,2018-08-17,27750.0,27200.0,28150.0,27150.0,487140.0,대한항공
684,2018-08-20,27300.0,27800.0,28000.0,27000.0,346023.0,대한항공
685,2018-08-21,27350.0,27300.0,27450.0,26900.0,458651.0,대한항공
686,2018-08-22,27850.0,27550.0,27900.0,27250.0,482591.0,대한항공
687,2018-08-23,27850.0,27850.0,27950.0,27650.0,199749.0,대한항공
688,2018-08-24,27900.0,27650.0,28100.0,27550.0,207558.0,대한항공
689,2018-08-27,28050.0,27900.0,28100.0,27850.0,300668.0,대한항공
690,2018-08-28,28600.0,28300.0,28850.0,28100.0,485438.0,대한항공
691,2018-08-29,28300.0,28650.0,28850.0,28050.0,256022.0,대한항공
692,2018-08-30,27900.0,28300.0,28300.0,27700.0,422197.0,대한항공
693,2018-08-31,28050.0,27700.0,28100.0,27700.0,249660.0,대한항공
694,2018-09-03,28150.0,28100.0,28350.0,28000.0,260705.0,대한항공
695,2018-09-04,27750.0,28100.0,28200.0,27550.0,506408.0,대한항공
696,2018-09-05,27700.0,27650.0,28050.0,27600.0,387234.0,대한항공
697,2018-09-06,27450.0,27600.0,27900.0,27350.0,417494.0,대한항공
698,2018-09-07,27700.0,27450.0,27750.0,27450.0,327951.0,대한항공
699,2018-09-10,27450.0,27500.0,27750.0,27150.0,308976.0,대한항공
700,2018-09-11,27350.0,27300.0,27600.0,27150.0,250516.0,대한항공
701,2018-09-12,27850.0,27450.0,27850.0,27350.0,417388.0,대한항공
702,2018-09-13,28900.0,27550.0,29050.0,27550.0,1016407.0,대한항공
703,2018-09-14,29250.0,29150.0,29600.0,28900.0,763266.0,대한항공
704,2018-09-17,28850.0,29150.0,29300.0,28800.0,281178.0,대한항공
705,2018-09-18,28900.0,28700.0,29100.0,28650.0,374874.0,대한항공
706,2018-09-19,28250.0,28900.0,29000.0,28200.0,292007.0,대한항공
707,2018-09-20,28450.0,28400.0,29000.0,28150.0,454036.0,대한항공
708,2018-09-21,28600.0,28900.0,28950.0,28450.0,293021.0,대한항공
709,2018-09-27,28100.0,28600.0,28650.0,27900.0,585833.0,대한항공
710,2018-09-28,28100.0,28050.0,28250.0,27650.0,386515.0,대한항공
711,2018-10-01,28100.0,28000.0,28200.0,27750.0,397553.0,대한항공
712,2018-10-02,27250.0,27850.0,28100.0,27200.0,775729.0,대한항공
713,2018-10-04,27200.0,27300.0,27550.0,27000.0,527380.0,대한항공
714,2018-10-05,27700.0,27000.0,27800.0,26850.0,410496.0,대한항공
715,2018-10-08,27600.0,27500.0,28050.0,27450.0,242732.0,대한항공
716,2018-10-10,27150.0,27350.0,27750.0,27150.0,368832.0,대한항공
717,2018-10-11,25450.0,26550.0,26650.0,25450.0,881536.0,대한항공
718,2018-10-12,25750.0,25050.0,26100.0,25050.0,365284.0,대한항공
719,2018-10-15,25550.0,25850.0,25900.0,25500.0,159444.0,대한항공
720,2018-10-16,25700.0,25400.0,25900.0,25400.0,237524.0,대한항공
721,2018-10-17,25950.0,26100.0,26200.0,25700.0,257763.0,대한항공
722,2018-10-18,26750.0,26000.0,26900.0,25650.0,347686.0,대한항공
723,2018-10-19,27000.0,26500.0,27150.0,26150.0,268253.0,대한항공
724,2018-10-22,26950.0,26650.0,27050.0,26550.0,163730.0,대한항공
725,2018-10-23,26300.0,26850.0,27100.0,26100.0,244747.0,대한항공
726,2018-10-24,27250.0,26750.0,27450.0,26700.0,578288.0,대한항공
727,2018-10-25,27250.0,26600.0,27250.0,26300.0,392781.0,대한항공
728,2018-10-26,26350.0,27050.0,27150.0,26050.0,360866.0,대한항공
729,2018-10-29,25700.0,26350.0,26600.0,25350.0,370975.0,대한항공
730,2018-10-30,25800.0,25200.0,26200.0,25200.0,285995.0,대한항공
731,2018-10-31,27450.0,25850.0,27450.0,25800.0,641164.0,대한항공
732,2018-11-01,28050.0,27350.0,28300.0,27150.0,798966.0,대한항공
733,2018-11-02,29350.0,28550.0,29650.0,28550.0,1462021.0,대한항공
734,2018-11-05,29000.0,29000.0,29550.0,28650.0,491206.0,대한항공
735,2018-11-06,29350.0,28950.0,29700.0,28950.0,385367.0,대한항공
736,2018-11-07,30200.0,29400.0,30550.0,29400.0,1041203.0,대한항공
737,2018-11-08,30000.0,30500.0,30800.0,29600.0,589053.0,대한항공
738,2018-11-09,30000.0,29750.0,30100.0,29350.0,417893.0,대한항공
739,2018-11-12,29450.0,29750.0,30100.0,29350.0,283441.0,대한항공
740,2018-11-13,29700.0,29100.0,29800.0,28500.0,502663.0,대한항공
741,2018-11-14,32500.0,31600.0,32500.0,31200.0,2705130.0,대한항공
742,2018-11-15,32550.0,32350.0,32700.0,31850.0,672163.0,대한항공
743,2018-11-16,33400.0,33000.0,33800.0,32600.0,1551405.0,대한항공
744,2018-11-19,32600.0,33700.0,33700.0,32000.0,1191817.0,대한항공
745,2018-11-20,32900.0,32200.0,33450.0,32200.0,774105.0,대한항공
746,2018-11-21,33450.0,33300.0,33450.0,32700.0,791760.0,대한항공
747,2018-11-22,32500.0,33450.0,33450.0,32250.0,723209.0,대한항공
748,2018-11-23,32550.0,32500.0,32750.0,31850.0,503042.0,대한항공
749,2018-11-26,32750.0,33000.0,33300.0,32250.0,715237.0,대한항공
750,2018-11-27,32650.0,32900.0,33000.0,32350.0,439785.0,대한항공
751,2018-11-28,32400.0,32700.0,32850.0,32000.0,598271.0,대한항공
752,2018-11-29,33400.0,32800.0,33400.0,32300.0,854630.0,대한항공
753,2018-11-30,31900.0,33250.0,33250.0,31700.0,890923.0,대한항공
754,2018-12-03,31700.0,32200.0,32550.0,31300.0,953321.0,대한항공
755,2018-12-04,31250.0,31700.0,31800.0,31150.0,384766.0,대한항공
756,2018-12-05,31600.0,30850.0,31750.0,30800.0,457904.0,대한항공
757,2018-12-06,31000.0,31650.0,31750.0,30750.0,341535.0,대한항공
758,2018-12-07,31700.0,31350.0,32650.0,31300.0,663241.0,대한항공
759,2018-12-10,31100.0,31200.0,31200.0,30700.0,421952.0,대한항공
760,2018-12-11,31700.0,31350.0,31900.0,30800.0,411570.0,대한항공
761,2018-12-12,31300.0,31700.0,31700.0,31050.0,381295.0,대한항공
762,2018-12-13,32000.0,31600.0,32300.0,31500.0,721126.0,대한항공
763,2018-12-14,32650.0,32150.0,33000.0,32100.0,778050.0,대한항공
764,2018-12-17,32800.0,32850.0,33200.0,32400.0,461842.0,대한항공
765,2018-12-18,33050.0,32800.0,33200.0,32800.0,422423.0,대한항공
766,2018-12-19,33850.0,33750.0,34300.0,33450.0,1084167.0,대한항공
767,2018-12-20,34000.0,33650.0,34250.0,32800.0,784507.0,대한항공
768,2018-12-21,34000.0,34300.0,34400.0,33200.0,498107.0,대한항공
769,2018-12-24,33400.0,33900.0,34000.0,33000.0,343639.0,대한항공
770,2018-12-26,32950.0,33000.0,33500.0,32250.0,464547.0,대한항공
771,2018-12-27,33450.0,32600.0,33450.0,32350.0,429914.0,대한항공
772,2018-12-28,33050.0,33400.0,33400.0,32550.0,312363.0,대한항공
773,2019-01-02,32400.0,32950.0,32950.0,32050.0,349580.0,대한항공
774,2019-01-03,31800.0,32700.0,32950.0,31650.0,464995.0,대한항공
775,2019-01-04,32350.0,31650.0,32450.0,31300.0,424001.0,대한항공
776,2019-01-07,33500.0,32600.0,33500.0,32300.0,619120.0,대한항공
777,2019-01-08,33900.0,33550.0,34050.0,32900.0,515749.0,대한항공
778,2019-01-09,34000.0,34000.0,34150.0,33750.0,574199.0,대한항공
779,2019-01-10,33600.0,33850.0,33950.0,33150.0,320843.0,대한항공
780,2019-01-11,33200.0,33750.0,33850.0,32900.0,397027.0,대한항공
781,2019-01-14,33900.0,33050.0,34100.0,33050.0,375803.0,대한항공
782,2019-01-15,34200.0,34000.0,34300.0,33800.0,532772.0,대한항공
783,2019-01-16,35200.0,34250.0,35300.0,34100.0,997933.0,대한항공
784,2019-01-17,36500.0,35000.0,36600.0,35000.0,1258820.0,대한항공
785,2019-01-18,36550.0,36500.0,36600.0,35850.0,499813.0,대한항공
786,2019-01-21,36400.0,36650.0,36650.0,36100.0,375392.0,대한항공
787,2019-01-22,36000.0,36400.0,36600.0,35550.0,541529.0,대한항공
788,2019-01-23,36450.0,35950.0,37200.0,35850.0,733917.0,대한항공
789,2019-01-24,36350.0,36000.0,36850.0,35650.0,474693.0,대한항공
790,2019-01-25,34800.0,35850.0,36300.0,34700.0,1033315.0,대한항공
791,2019-01-28,35150.0,34900.0,35200.0,34850.0,363344.0,대한항공
792,2019-01-29,35300.0,35400.0,35750.0,35250.0,435575.0,대한항공
793,2019-01-30,36950.0,35400.0,36950.0,35150.0,1081739.0,대한항공
794,2019-01-31,36400.0,37000.0,37350.0,36100.0,551554.0,대한항공
795,2019-02-01,35750.0,36100.0,36400.0,35350.0,441591.0,대한항공
796,2019-02-07,35650.0,36400.0,36400.0,35400.0,270424.0,대한항공
797,2019-02-08,35500.0,35950.0,36000.0,35100.0,237191.0,대한항공
798,2019-02-11,35350.0,35850.0,35900.0,34650.0,388682.0,대한항공
799,2019-02-12,35550.0,35400.0,36050.0,35350.0,313701.0,대한항공
800,2019-02-13,35750.0,35750.0,36650.0,35600.0,578689.0,대한항공
801,2019-02-14,36900.0,36950.0,36950.0,35850.0,626980.0,대한항공
802,2019-02-15,36200.0,36600.0,36700.0,36050.0,235717.0,대한항공
803,2019-02-18,35250.0,36050.0,36400.0,34950.0,502728.0,대한항공
804,2019-02-19,35050.0,35250.0,35450.0,34850.0,236891.0,대한항공
805,2019-02-20,36000.0,35250.0,36600.0,35150.0,648230.0,대한항공
806,2019-02-21,36100.0,36250.0,36450.0,35700.0,310991.0,대한항공
807,2019-02-22,36400.0,36100.0,36500.0,35750.0,317478.0,대한항공
808,2019-02-25,36550.0,36700.0,36700.0,36150.0,770296.0,대한항공
809,2019-02-26,36750.0,36500.0,37000.0,36450.0,416687.0,대한항공
810,2019-02-27,36950.0,36900.0,37150.0,36750.0,275927.0,대한항공
811,2019-02-28,36800.0,36850.0,37800.0,36400.0,698293.0,대한항공
812,2019-03-04,36550.0,36800.0,37600.0,36500.0,478922.0,대한항공
813,2019-03-05,35750.0,36250.0,36700.0,35450.0,336820.0,대한항공
814,2019-03-06,35800.0,35700.0,36100.0,35200.0,318719.0,대한항공
815,2019-03-07,35400.0,35700.0,35950.0,35200.0,332526.0,대한항공
816,2019-03-08,34700.0,35100.0,35200.0,34300.0,440046.0,대한항공
817,2019-03-11,33950.0,34800.0,34800.0,33500.0,564621.0,대한항공
818,2019-03-12,33750.0,34200.0,34200.0,33400.0,454375.0,대한항공
819,2019-03-13,32900.0,33550.0,33550.0,32100.0,1044016.0,대한항공
820,2019-03-14,32950.0,33150.0,33400.0,32500.0,614522.0,대한항공
821,2019-03-15,33550.0,33100.0,33900.0,32900.0,682662.0,대한항공
822,2019-03-18,34350.0,33800.0,34500.0,33350.0,493461.0,대한항공
823,2019-03-19,33450.0,34300.0,34300.0,33350.0,378669.0,대한항공
824,2019-03-20,33450.0,33500.0,33600.0,32900.0,251532.0,대한항공
825,2019-03-21,32450.0,33100.0,33450.0,32300.0,691045.0,대한항공
826,2019-03-22,32600.0,32500.0,32800.0,32150.0,385316.0,대한항공
827,2019-03-25,32000.0,32100.0,32250.0,31600.0,420483.0,대한항공
828,2019-03-26,32400.0,31900.0,32900.0,31400.0,537159.0,대한항공
829,2019-03-27,33200.0,32900.0,34200.0,32150.0,1881291.0,대한항공
830,2019-03-28,31450.0,33200.0,33300.0,31400.0,1008170.0,대한항공
831,2019-03-29,31850.0,31500.0,32000.0,31450.0,511849.0,대한항공
832,2019-04-01,32550.0,32000.0,32600.0,31750.0,331731.0,대한항공
833,2019-04-02,31950.0,32500.0,32550.0,31850.0,544036.0,대한항공
834,2019-04-03,32100.0,31850.0,32100.0,31600.0,429447.0,대한항공
835,2019-04-04,31950.0,32100.0,32150.0,31850.0,286454.0,대한항공
836,2019-04-05,31900.0,31850.0,32050.0,31800.0,214665.0,대한항공
837,2019-04-08,32500.0,34000.0,34500.0,32300.0,2712112.0,대한항공
838,2019-04-09,32050.0,32750.0,33350.0,31900.0,1270717.0,대한항공
839,2019-04-10,32950.0,31950.0,33300.0,31500.0,1197344.0,대한항공
840,2019-04-11,33100.0,32950.0,33850.0,32850.0,866863.0,대한항공
841,2019-04-12,35600.0,33300.0,36150.0,32650.0,2617556.0,대한항공
842,2019-04-15,37750.0,37900.0,41650.0,37350.0,6712935.0,대한항공
843,2019-04-16,35850.0,36550.0,37950.0,35600.0,2834762.0,대한항공
844,2019-04-17,35900.0,36050.0,36500.0,34800.0,1599868.0,대한항공
845,2019-04-18,35500.0,35700.0,36700.0,35300.0,1115746.0,대한항공
846,2019-04-19,35200.0,35500.0,36050.0,35000.0,609380.0,대한항공
847,2019-04-22,35150.0,35200.0,35500.0,34850.0,478007.0,대한항공
848,2019-04-23,34650.0,35000.0,35100.0,33500.0,1217160.0,대한항공
849,2019-04-24,34800.0,34500.0,34850.0,33650.0,891892.0,대한항공
850,2019-04-25,33750.0,35500.0,35800.0,33650.0,932783.0,대한항공
851,2019-04-26,33300.0,33400.0,33650.0,33000.0,710910.0,대한항공
852,2019-04-29,33150.0,33300.0,33600.0,32700.0,507368.0,대한항공
853,2019-04-30,33150.0,33000.0,33950.0,33000.0,629178.0,대한항공
854,2019-05-02,33150.0,32900.0,33450.0,32600.0,428728.0,대한항공
855,2019-05-03,33700.0,33150.0,33950.0,32900.0,521965.0,대한항공
856,2019-05-07,33550.0,33200.0,33850.0,32700.0,449674.0,대한항공
857,2019-05-08,32950.0,33100.0,33450.0,32950.0,367619.0,대한항공
858,2019-05-09,32600.0,33350.0,34300.0,32600.0,1039642.0,대한항공
859,2019-05-10,32150.0,32650.0,32850.0,31750.0,843883.0,대한항공
860,2019-05-13,32450.0,31850.0,32800.0,31600.0,461467.0,대한항공
861,2019-05-14,33150.0,31800.0,33850.0,31800.0,868688.0,대한항공
862,2019-05-15,33400.0,33700.0,34000.0,32850.0,512029.0,대한항공
863,2019-05-16,32800.0,33400.0,33650.0,32800.0,331876.0,대한항공
864,2019-05-17,32050.0,32500.0,32950.0,31850.0,600899.0,대한항공
865,2019-05-20,31900.0,31750.0,32200.0,31350.0,364581.0,대한항공
866,2019-05-21,31500.0,31750.0,31900.0,31250.0,500619.0,대한항공
867,2019-05-22,30700.0,31500.0,31650.0,30650.0,611203.0,대한항공
868,2019-05-23,30700.0,30500.0,30800.0,30350.0,427183.0,대한항공
869,2019-05-24,31850.0,30750.0,32050.0,30750.0,615456.0,대한항공
870,2019-05-27,31800.0,31650.0,32100.0,31300.0,228357.0,대한항공
871,2019-05-28,31950.0,31800.0,32350.0,31800.0,323570.0,대한항공
872,2019-05-29,31700.0,32300.0,32500.0,31250.0,315399.0,대한항공
873,2019-05-30,31550.0,31850.0,31850.0,31100.0,315029.0,대한항공
874,2019-05-31,31550.0,31550.0,32150.0,31450.0,332565.0,대한항공
875,2019-06-03,31700.0,31650.0,31850.0,31300.0,323999.0,대한항공
876,2019-06-04,31950.0,31700.0,32250.0,31700.0,246558.0,대한항공
877,2019-06-05,32100.0,32450.0,32550.0,32050.0,334286.0,대한항공
878,2019-06-07,32500.0,31800.0,32900.0,31450.0,482968.0,대한항공
879,2019-06-10,32500.0,32600.0,32950.0,32100.0,252102.0,대한항공
880,2019-06-11,32450.0,32300.0,32550.0,32150.0,269732.0,대한항공
881,2019-06-12,32150.0,32450.0,32550.0,31950.0,434957.0,대한항공
882,2019-06-13,32100.0,32250.0,32450.0,31850.0,318201.0,대한항공
883,2019-06-14,32400.0,31950.0,32450.0,31700.0,631831.0,대한항공
884,2019-06-17,31500.0,32400.0,32450.0,31250.0,457975.0,대한항공
885,2019-06-18,31350.0,31500.0,31650.0,31200.0,413558.0,대한항공
886,2019-06-19,31400.0,31400.0,31550.0,31100.0,398777.0,대한항공
887,2019-06-20,31300.0,31400.0,31500.0,31150.0,348121.0,대한항공
888,2019-06-21,30500.0,31300.0,31300.0,30100.0,1434880.0,대한항공
889,2019-06-24,30300.0,30500.0,30600.0,29700.0,716146.0,대한항공
890,2019-06-25,29900.0,30100.0,30350.0,29600.0,977057.0,대한항공
891,2019-06-26,29500.0,29650.0,29850.0,29250.0,425932.0,대한항공
892,2019-06-27,29400.0,29400.0,29550.0,29250.0,534470.0,대한항공
893,2019-06-28,28950.0,29300.0,29500.0,28800.0,621975.0,대한항공
894,2019-07-01,29000.0,29000.0,29250.0,28800.0,408408.0,대한항공
895,2019-07-02,29300.0,29100.0,29450.0,28900.0,313513.0,대한항공
896,2019-07-03,29000.0,29500.0,29550.0,28950.0,261270.0,대한항공
897,2019-07-04,28800.0,28900.0,29100.0,28450.0,333717.0,대한항공
898,2019-07-05,28900.0,28750.0,29000.0,28650.0,218637.0,대한항공
899,2019-07-08,28850.0,28550.0,29500.0,27800.0,711577.0,대한항공
900,2019-07-09,28550.0,28400.0,28750.0,28150.0,393268.0,대한항공
901,2019-07-10,28400.0,28150.0,28550.0,27850.0,621839.0,대한항공
902,2019-07-11,28450.0,28150.0,28700.0,28150.0,329417.0,대한항공
903,2019-07-12,28600.0,28500.0,28900.0,28400.0,269344.0,대한항공
904,2019-07-15,28350.0,28600.0,28750.0,28050.0,269482.0,대한항공
905,2019-07-16,28750.0,28350.0,28800.0,28200.0,226595.0,대한항공
906,2019-07-17,28550.0,28650.0,28850.0,28300.0,170929.0,대한항공
907,2019-07-18,28100.0,28250.0,28600.0,27900.0,314290.0,대한항공
908,2019-07-19,28550.0,28300.0,28550.0,28100.0,191047.0,대한항공
909,2019-07-22,28150.0,28150.0,28350.0,28050.0,261087.0,대한항공
910,2019-07-23,28150.0,28050.0,28300.0,28000.0,295853.0,대한항공
911,2019-07-24,28150.0,28150.0,28400.0,27950.0,233786.0,대한항공
912,2019-07-25,27400.0,28000.0,28050.0,27300.0,503812.0,대한항공
913,2019-07-26,26850.0,27100.0,27500.0,26550.0,581319.0,대한항공
914,2019-07-29,26050.0,26600.0,26950.0,25500.0,787072.0,대한항공
915,2019-07-30,26050.0,25900.0,26300.0,25500.0,440191.0,대한항공
916,2019-07-31,25550.0,25950.0,26050.0,24400.0,1632181.0,대한항공
917,2019-08-01,25650.0,25700.0,25700.0,25100.0,392088.0,대한항공
918,2019-08-02,25750.0,25500.0,25800.0,25050.0,424221.0,대한항공
919,2019-08-05,24700.0,25450.0,25550.0,24300.0,641816.0,대한항공
920,2019-08-06,24100.0,23700.0,24950.0,22700.0,1497259.0,대한항공
921,2019-08-07,23150.0,23600.0,24200.0,23100.0,823510.0,대한항공
922,2019-08-08,23600.0,23300.0,24050.0,23150.0,703551.0,대한항공
923,2019-08-09,23950.0,24050.0,24200.0,23750.0,498336.0,대한항공
924,2019-08-12,23650.0,23750.0,24000.0,23350.0,311614.0,대한항공
925,2019-08-13,23200.0,23400.0,23600.0,23100.0,380316.0,대한항공
926,2019-08-14,22900.0,23300.0,23450.0,22850.0,507272.0,대한항공
927,2019-08-16,22850.0,22250.0,23050.0,21700.0,702052.0,대한항공
928,2019-08-19,22850.0,22750.0,23050.0,22550.0,374622.0,대한항공
929,2019-08-20,23050.0,22750.0,23300.0,22700.0,421567.0,대한항공
930,2019-08-21,23250.0,23050.0,23450.0,22950.0,292810.0,대한항공
931,2019-08-22,23050.0,23300.0,23300.0,23000.0,297816.0,대한항공
932,2019-08-23,22850.0,22900.0,23050.0,22550.0,223561.0,대한항공
933,2019-08-26,22100.0,22550.0,22550.0,22050.0,383963.0,대한항공
934,2019-08-27,21900.0,22200.0,22450.0,21900.0,579159.0,대한항공
935,2019-08-28,22000.0,21700.0,22100.0,21700.0,373037.0,대한항공
936,2019-08-29,21800.0,22150.0,22250.0,21750.0,423985.0,대한항공
937,2019-08-30,22200.0,22000.0,22350.0,21800.0,614120.0,대한항공
938,2019-09-02,22300.0,22150.0,22450.0,22150.0,381262.0,대한항공
939,2019-09-03,22200.0,22300.0,22500.0,22150.0,329510.0,대한항공
940,2019-09-04,22350.0,22000.0,22400.0,22000.0,264863.0,대한항공
941,2019-09-05,22500.0,22350.0,22800.0,22300.0,602367.0,대한항공
942,2019-09-06,22650.0,22900.0,22900.0,22400.0,435670.0,대한항공
943,2019-09-09,22550.0,22550.0,22750.0,22500.0,251395.0,대한항공
944,2019-09-10,22900.0,22550.0,23100.0,22450.0,528526.0,대한항공
945,2019-09-11,23900.0,23000.0,24050.0,22950.0,1362509.0,대한항공
946,2019-09-16,24100.0,23500.0,24250.0,23050.0,812563.0,대한항공
947,2019-09-17,23950.0,23800.0,24100.0,23550.0,417841.0,대한항공
948,2019-09-18,24300.0,24200.0,24400.0,23900.0,452654.0,대한항공
949,2019-09-19,23900.0,24100.0,24600.0,23800.0,476193.0,대한항공
950,2019-09-20,23750.0,23800.0,23850.0,23500.0,485236.0,대한항공
951,2019-09-23,23550.0,23750.0,23750.0,23400.0,330225.0,대한항공
952,2019-09-24,23900.0,23550.0,23900.0,23550.0,299305.0,대한항공
953,2019-09-25,23250.0,23800.0,23900.0,23200.0,406820.0,대한항공
954,2019-09-26,22900.0,23600.0,23750.0,22350.0,557496.0,대한항공
955,2019-09-27,23050.0,23000.0,23200.0,22650.0,322423.0,대한항공
956,2019-09-30,22900.0,22850.0,23150.0,22800.0,260724.0,대한항공
957,2019-10-01,23450.0,22800.0,23550.0,22750.0,365477.0,대한항공
958,2019-10-02,22950.0,23300.0,23450.0,22900.0,348555.0,대한항공
959,2019-10-04,22800.0,22900.0,23100.0,22700.0,267479.0,대한항공
960,2019-10-07,22900.0,22850.0,23000.0,22500.0,360259.0,대한항공
961,2019-10-08,23350.0,22800.0,23400.0,22750.0,325526.0,대한항공
962,2019-10-10,22950.0,23200.0,23300.0,22750.0,389810.0,대한항공
963,2019-10-11,23200.0,23000.0,23450.0,23000.0,241160.0,대한항공
964,2019-10-14,24500.0,23400.0,24600.0,23350.0,1109046.0,대한항공
965,2019-10-15,24350.0,24650.0,24700.0,24200.0,417362.0,대한항공
966,2019-10-16,24950.0,24900.0,25350.0,24650.0,959657.0,대한항공
967,2019-10-17,25400.0,24950.0,25450.0,24850.0,614129.0,대한항공
968,2019-10-18,24900.0,25450.0,25700.0,24900.0,528040.0,대한항공
969,2019-10-21,25450.0,25000.0,25500.0,24950.0,381943.0,대한항공
970,2019-10-22,25550.0,25500.0,25800.0,25100.0,638716.0,대한항공
971,2019-10-23,24650.0,25550.0,25550.0,24650.0,514695.0,대한항공
972,2019-10-24,24950.0,24500.0,25100.0,24300.0,340638.0,대한항공
973,2019-10-25,24700.0,24650.0,24900.0,24500.0,240766.0,대한항공
974,2019-10-28,25100.0,24800.0,25200.0,24750.0,304527.0,대한항공
975,2019-10-29,24800.0,25400.0,25400.0,24800.0,311377.0,대한항공
976,2019-10-30,24450.0,25000.0,25000.0,24350.0,368161.0,대한항공
977,2019-10-31,24900.0,24500.0,25200.0,24400.0,417655.0,대한항공
978,2019-11-01,25000.0,24900.0,25300.0,24800.0,248442.0,대한항공
979,2019-11-04,25900.0,25000.0,26000.0,25000.0,672569.0,대한항공
980,2019-11-05,26250.0,25900.0,26800.0,25900.0,832827.0,대한항공
981,2019-11-06,26200.0,26300.0,26550.0,26100.0,387529.0,대한항공
982,2019-11-07,26950.0,26250.0,27150.0,26150.0,760127.0,대한항공
983,2019-11-08,26950.0,26950.0,27300.0,26800.0,369670.0,대한항공
984,2019-11-11,26400.0,26850.0,26900.0,26350.0,342277.0,대한항공
985,2019-11-12,26450.0,26400.0,26600.0,25950.0,342884.0,대한항공
986,2019-11-13,26200.0,26000.0,26350.0,25900.0,508185.0,대한항공
987,2019-11-14,25700.0,26300.0,26350.0,25550.0,513588.0,대한항공
988,2019-11-15,27000.0,25750.0,27150.0,25750.0,686734.0,대한항공
989,2019-11-18,26300.0,26850.0,26850.0,25950.0,444159.0,대한항공
990,2019-11-19,26300.0,26100.0,26550.0,26000.0,231521.0,대한항공
991,2019-11-20,25350.0,26050.0,26150.0,25300.0,461304.0,대한항공
992,2019-11-21,24900.0,25400.0,25400.0,24450.0,506556.0,대한항공
993,2019-11-22,24900.0,24900.0,25150.0,24700.0,290840.0,대한항공
994,2019-11-25,25500.0,25300.0,25650.0,24900.0,346558.0,대한항공
995,2019-11-26,25550.0,25500.0,25750.0,25200.0,416775.0,대한항공
996,2019-11-27,25350.0,25750.0,25750.0,25350.0,139690.0,대한항공
997,2019-11-28,25400.0,25150.0,25550.0,25000.0,293642.0,대한항공
998,2019-11-29,24750.0,25500.0,25550.0,24650.0,456454.0,대한항공
999,2019-12-02,24750.0,24950.0,25000.0,24150.0,415979.0,대한항공
1000,2019-12-03,24450.0,24450.0,24550.0,24100.0,368018.0,대한항공
1001,2019-12-04,24250.0,24100.0,24400.0,23800.0,365811.0,대한항공
1002,2019-12-05,24550.0,24250.0,24850.0,24250.0,330930.0,대한항공
1003,2019-12-06,25900.0,24700.0,26050.0,24600.0,812762.0,대한항공
1004,2019-12-09,26150.0,25950.0,26300.0,25750.0,457633.0,대한항공
1005,2019-12-10,26650.0,26050.0,26900.0,25950.0,560605.0,대한항공
1006,2019-12-11,26650.0,26500.0,26900.0,26400.0,446755.0,대한항공
1007,2019-12-12,26900.0,26900.0,27100.0,26800.0,687297.0,대한항공
1008,2019-12-13,27350.0,27000.0,27450.0,26850.0,636781.0,대한항공
1009,2019-12-16,27500.0,27200.0,27750.0,27000.0,452958.0,대한항공
1010,2019-12-17,27850.0,27350.0,28050.0,27350.0,604416.0,대한항공
1011,2019-12-18,27750.0,27900.0,28100.0,27600.0,346523.0,대한항공
1012,2019-12-19,27750.0,28050.0,28050.0,27450.0,248090.0,대한항공
1013,2019-12-20,27800.0,27750.0,28100.0,27250.0,370844.0,대한항공
1014,2019-12-23,29100.0,27800.0,29700.0,27200.0,1847155.0,대한항공
1015,2019-12-24,28000.0,29150.0,29800.0,27750.0,1066768.0,대한항공
1016,2019-12-26,27900.0,27600.0,28200.0,27600.0,352610.0,대한항공
1017,2019-12-27,28300.0,27550.0,28450.0,27250.0,470749.0,대한항공
1018,2019-12-30,28500.0,28750.0,28850.0,28300.0,428087.0,대한항공
1019,2020-01-02,27850.0,28500.0,28550.0,27750.0,303459.0,대한항공
1020,2020-01-03,27300.0,28000.0,28150.0,27250.0,572272.0,대한항공
1021,2020-01-06,26500.0,26850.0,27100.0,26000.0,690224.0,대한항공
1022,2020-01-07,26850.0,26500.0,27150.0,26400.0,388103.0,대한항공
1023,2020-01-08,26300.0,26450.0,26700.0,25950.0,676198.0,대한항공
1024,2020-01-09,27450.0,26650.0,27450.0,26650.0,614807.0,대한항공
1025,2020-01-10,27300.0,27350.0,27600.0,27050.0,269328.0,대한항공
1026,2020-01-13,27300.0,27700.0,27900.0,27000.0,366016.0,대한항공
1027,2020-01-14,27150.0,27100.0,27600.0,26900.0,500234.0,대한항공
1028,2020-01-15,27100.0,27050.0,27300.0,26800.0,303515.0,대한항공
1029,2020-01-16,27500.0,27100.0,27650.0,26850.0,348287.0,대한항공
1030,2020-01-17,27400.0,27500.0,27750.0,27250.0,334990.0,대한항공
1031,2020-01-20,26850.0,27350.0,27750.0,26800.0,368095.0,대한항공
1032,2020-01-21,26150.0,26850.0,27050.0,25850.0,590717.0,대한항공
1033,2020-01-22,26500.0,26250.0,26550.0,25950.0,365562.0,대한항공
1034,2020-01-23,25400.0,26200.0,26300.0,25000.0,757735.0,대한항공
1035,2020-01-28,23700.0,23350.0,24300.0,22800.0,1668337.0,대한항공
1036,2020-01-29,23850.0,23850.0,24300.0,23600.0,618201.0,대한항공
1037,2020-01-30,23800.0,23850.0,24050.0,23600.0,445228.0,대한항공
1038,2020-01-31,23650.0,23800.0,24350.0,23650.0,620869.0,대한항공
1039,2020-02-03,24150.0,24150.0,24700.0,23150.0,846169.0,대한항공
1040,2020-02-04,25750.0,24250.0,26650.0,23800.0,1956707.0,대한항공
1041,2020-02-05,26000.0,26300.0,26300.0,25250.0,964355.0,대한항공
1042,2020-02-06,27000.0,26000.0,27450.0,26000.0,1240187.0,대한항공
1043,2020-02-07,26900.0,27150.0,27800.0,26600.0,796200.0,대한항공
1044,2020-02-10,26300.0,27000.0,27000.0,26000.0,754365.0,대한항공
1045,2020-02-11,26100.0,26300.0,26600.0,25500.0,821740.0,대한항공
1046,2020-02-12,26100.0,25950.0,26550.0,25750.0,566748.0,대한항공
1047,2020-02-13,26050.0,26100.0,26550.0,25900.0,744099.0,대한항공
1048,2020-02-14,25650.0,26050.0,26150.0,25600.0,425300.0,대한항공
1049,2020-02-17,25300.0,25550.0,25650.0,25100.0,462173.0,대한항공
1050,2020-02-18,24450.0,25250.0,25250.0,24400.0,891527.0,대한항공
1051,2020-02-19,24200.0,24850.0,24850.0,24000.0,681276.0,대한항공
1052,2020-02-20,23650.0,24450.0,24700.0,23650.0,959631.0,대한항공
1053,2020-02-21,23550.0,23500.0,23900.0,23250.0,727771.0,대한항공
1054,2020-02-24,22100.0,22800.0,22850.0,22050.0,1633736.0,대한항공
1055,2020-02-25,22450.0,22000.0,22650.0,21700.0,1289061.0,대한항공
1056,2020-02-26,22950.0,21900.0,24350.0,21700.0,2915823.0,대한항공
1057,2020-02-27,22950.0,22700.0,23700.0,22350.0,1045609.0,대한항공
1058,2020-02-28,22300.0,22750.0,22750.0,22000.0,1118328.0,대한항공
1059,2020-03-02,22300.0,22000.0,22600.0,21500.0,992603.0,대한항공
1060,2020-03-03,22400.0,22600.0,23150.0,22300.0,1010651.0,대한항공
1061,2020-03-04,24000.0,22300.0,24350.0,22100.0,1459603.0,대한항공
1062,2020-03-05,25100.0,24350.0,25550.0,24150.0,2216940.0,대한항공
1063,2020-03-06,23800.0,24500.0,24550.0,23500.0,1520202.0,대한항공
1064,2020-03-09,23400.0,23700.0,24350.0,22500.0,1172883.0,대한항공
1065,2020-03-10,23550.0,22900.0,23800.0,22850.0,1216109.0,대한항공
1066,2020-03-11,22750.0,23650.0,23950.0,22600.0,1121555.0,대한항공
1067,2020-03-12,21700.0,22650.0,22650.0,21500.0,1355702.0,대한항공
1068,2020-03-13,20600.0,19300.0,21150.0,19250.0,1799050.0,대한항공
1069,2020-03-16,20100.0,21150.0,21700.0,19900.0,1077330.0,대한항공
1070,2020-03-17,19800.0,18700.0,21000.0,18700.0,1306014.0,대한항공
1071,2020-03-18,18100.0,19800.0,20050.0,17900.0,1426430.0,대한항공
1072,2020-03-19,13600.0,17850.0,18100.0,12850.0,5231313.0,대한항공
1073,2020-03-20,15250.0,13600.0,16350.0,12800.0,7782231.0,대한항공
1074,2020-03-23,14300.0,13900.0,15650.0,13550.0,3347088.0,대한항공
1075,2020-03-24,15000.0,14650.0,15200.0,14500.0,2680025.0,대한항공
1076,2020-03-25,17350.0,16500.0,18100.0,16500.0,4564606.0,대한항공
1077,2020-03-26,18350.0,18500.0,20200.0,17500.0,4960871.0,대한항공
1078,2020-03-27,18950.0,19800.0,20100.0,18100.0,2633752.0,대한항공
1079,2020-03-30,18700.0,18000.0,18900.0,17550.0,1470195.0,대한항공
1080,2020-03-31,18700.0,19150.0,19300.0,18550.0,1312182.0,대한항공
1081,2020-04-01,18850.0,18400.0,22150.0,18000.0,5527052.0,대한항공
1082,2020-04-02,19000.0,18700.0,19650.0,17900.0,1945272.0,대한항공
1083,2020-04-03,18650.0,19000.0,19300.0,18500.0,1199424.0,대한항공
1084,2020-04-06,18700.0,18650.0,18750.0,17900.0,2222663.0,대한항공
1085,2020-04-07,19150.0,19450.0,19600.0,18850.0,2383781.0,대한항공
1086,2020-04-08,19100.0,19150.0,19400.0,18700.0,1552064.0,대한항공
1087,2020-04-09,19950.0,19500.0,20300.0,19300.0,2675324.0,대한항공
1088,2020-04-10,20350.0,20250.0,20700.0,20000.0,1814721.0,대한항공
1089,2020-04-13,19550.0,20350.0,20350.0,19500.0,1407900.0,대한항공
1090,2020-04-14,19600.0,19450.0,19700.0,19200.0,1093672.0,대한항공
1091,2020-04-16,19600.0,19600.0,20150.0,19050.0,1268180.0,대한항공
1092,2020-04-17,20900.0,19900.0,22650.0,19850.0,10793150.0,대한항공
1093,2020-04-20,19550.0,21400.0,21850.0,19000.0,6811234.0,대한항공
1094,2020-04-21,19150.0,18200.0,19700.0,17750.0,3995839.0,대한항공
1095,2020-04-22,19250.0,19350.0,19850.0,19200.0,2252530.0,대한항공
1096,2020-04-23,19750.0,19900.0,20150.0,19500.0,1799306.0,대한항공
1097,2020-04-24,19800.0,20100.0,20250.0,19550.0,2424059.0,대한항공
1098,2020-04-27,19900.0,20750.0,20900.0,19800.0,2479832.0,대한항공
1099,2020-04-28,19700.0,19950.0,20000.0,19550.0,1183182.0,대한항공
1100,2020-04-29,19800.0,19900.0,19950.0,19750.0,1195736.0,대한항공
1101,2020-05-04,19100.0,18800.0,19450.0,18700.0,1404498.0,대한항공
1102,2020-05-06,18750.0,19000.0,19300.0,18500.0,1492011.0,대한항공
1103,2020-05-07,19150.0,18750.0,20100.0,18700.0,2448966.0,대한항공
1104,2020-05-08,19200.0,19400.0,19450.0,19150.0,861938.0,대한항공
1105,2020-05-11,18850.0,19200.0,19200.0,18750.0,894652.0,대한항공
1106,2020-05-12,18300.0,18500.0,18700.0,18250.0,1293534.0,대한항공
1107,2020-05-13,18200.0,18200.0,18550.0,17750.0,1111367.0,대한항공
1108,2020-05-14,18900.0,17500.0,18900.0,17200.0,1839940.0,대한항공
1109,2020-05-15,18200.0,18700.0,18700.0,18050.0,1008564.0,대한항공
1110,2020-05-18,18050.0,18100.0,18200.0,17650.0,733920.0,대한항공
1111,2020-05-19,19500.0,20200.0,20200.0,19050.0,4285639.0,대한항공
1112,2020-05-20,19600.0,19000.0,19850.0,18850.0,1486271.0,대한항공
1113,2020-05-21,20100.0,19950.0,20350.0,19700.0,2526004.0,대한항공
1114,2020-05-22,19600.0,20100.0,20150.0,19400.0,1217839.0,대한항공
1115,2020-05-25,19350.0,19750.0,19750.0,19100.0,878850.0,대한항공
1116,2020-05-26,20250.0,19600.0,20300.0,19550.0,2295923.0,대한항공
1117,2020-05-27,20950.0,21350.0,21400.0,20550.0,3409841.0,대한항공
1118,2020-05-28,21400.0,21500.0,22000.0,20950.0,3166883.0,대한항공
1119,2020-05-29,20700.0,21300.0,21300.0,20600.0,1361902.0,대한항공
1120,2020-06-01,20850.0,20700.0,21050.0,20450.0,1139791.0,대한항공
1121,2020-06-02,21100.0,21000.0,21400.0,20850.0,1373059.0,대한항공
1122,2020-06-03,22350.0,21200.0,22450.0,21200.0,3549822.0,대한항공
1123,2020-06-04,22900.0,23300.0,24100.0,22000.0,3648385.0,대한항공
1124,2020-06-05,20600.0,20550.0,22600.0,20550.0,7552462.0,대한항공
1125,2020-06-08,20700.0,21550.0,21600.0,20650.0,2366521.0,대한항공
1126,2020-06-09,21100.0,21200.0,21300.0,20750.0,1770592.0,대한항공
1127,2020-06-10,20700.0,20900.0,20900.0,20250.0,1440026.0,대한항공
1128,2020-06-11,20450.0,20700.0,20700.0,20050.0,2086872.0,대한항공
1129,2020-06-12,19800.0,19150.0,19950.0,19100.0,1765215.0,대한항공
1130,2020-06-15,19000.0,19950.0,19950.0,18850.0,1311311.0,대한항공
1131,2020-06-16,19750.0,19200.0,19800.0,19200.0,870917.0,대한항공
1132,2020-06-17,19250.0,19500.0,19700.0,19150.0,823177.0,대한항공
1133,2020-06-18,19300.0,19250.0,19600.0,19000.0,755779.0,대한항공
1134,2020-06-19,19450.0,19450.0,19450.0,19000.0,856401.0,대한항공
1135,2020-06-22,19000.0,19250.0,19250.0,19000.0,752269.0,대한항공
1136,2020-06-23,18500.0,19100.0,19100.0,18500.0,1343332.0,대한항공
1137,2020-06-24,18050.0,18250.0,18350.0,17700.0,1930870.0,대한항공
1138,2020-06-25,17600.0,17650.0,17800.0,17550.0,1041061.0,대한항공
1139,2020-06-26,17850.0,17700.0,17900.0,17650.0,704995.0,대한항공
1140,2020-06-29,17450.0,17250.0,17700.0,17250.0,797297.0,대한항공
1141,2020-06-30,17350.0,17900.0,18000.0,17250.0,1378688.0,대한항공
1142,2020-07-01,17650.0,17700.0,17850.0,17500.0,623031.0,대한항공
1143,2020-07-02,17750.0,17700.0,17950.0,17700.0,523526.0,대한항공
1144,2020-07-03,17800.0,18000.0,18050.0,17650.0,711322.0,대한항공
1145,2020-07-06,17750.0,17750.0,17750.0,17400.0,818899.0,대한항공
1146,2020-07-07,17200.0,17900.0,17900.0,17200.0,1517326.0,대한항공
1147,2020-07-08,16800.0,16900.0,17100.0,16700.0,1362072.0,대한항공
1148,2020-07-09,17150.0,16800.0,17150.0,16700.0,972190.0,대한항공
1149,2020-07-10,16650.0,17250.0,17300.0,16550.0,1037508.0,대한항공
1150,2020-07-13,16850.0,17000.0,17000.0,16700.0,766407.0,대한항공
1151,2020-07-14,17000.0,16950.0,17200.0,16850.0,767065.0,대한항공
1152,2020-07-15,17500.0,17550.0,17600.0,17150.0,1397443.0,대한항공
1153,2020-07-16,18200.0,18200.0,18400.0,17800.0,2300332.0,대한항공
1154,2020-07-17,18100.0,18150.0,18200.0,17750.0,832890.0,대한항공
1155,2020-07-20,18050.0,18100.0,18150.0,17600.0,897966.0,대한항공
1156,2020-07-21,19450.0,18250.0,19500.0,18200.0,3701663.0,대한항공
1157,2020-07-22,19100.0,19400.0,19400.0,18750.0,1480733.0,대한항공
1158,2020-07-23,18600.0,19100.0,19200.0,18400.0,1328994.0,대한항공
1159,2020-07-24,18400.0,18650.0,18650.0,18100.0,820389.0,대한항공
1160,2020-07-27,17600.0,16850.0,17800.0,16850.0,3293141.0,대한항공
1161,2020-07-28,17900.0,17650.0,19400.0,17300.0,5418736.0,대한항공
1162,2020-07-29,17500.0,17450.0,18050.0,17150.0,4289436.0,대한항공
1163,2020-07-30,17400.0,17500.0,17650.0,17300.0,1859030.0,대한항공
1164,2020-07-31,17400.0,17400.0,17500.0,17100.0,1733960.0,대한항공
1165,2020-08-03,17150.0,17350.0,17350.0,17000.0,1738510.0,대한항공
1166,2020-08-04,17350.0,17100.0,17400.0,17050.0,1176523.0,대한항공
1167,2020-08-05,17250.0,17400.0,17500.0,17100.0,1410989.0,대한항공
1168,2020-08-06,18100.0,17400.0,18200.0,17350.0,5637601.0,대한항공
1169,2020-08-07,19100.0,20500.0,20950.0,18850.0,15844472.0,대한항공
1170,2020-08-10,18750.0,19000.0,19100.0,18350.0,3821098.0,대한항공
1171,2020-08-11,18900.0,19350.0,19550.0,18850.0,3632851.0,대한항공
1172,2020-08-12,19550.0,19250.0,20100.0,19050.0,8913015.0,대한항공
1173,2020-08-13,19700.0,19850.0,20100.0,19700.0,4559089.0,대한항공
1174,2020-08-14,19500.0,19850.0,19850.0,19000.0,2161608.0,대한항공
1175,2020-08-18,18250.0,18850.0,18950.0,18100.0,3203963.0,대한항공
1176,2020-08-19,18400.0,18000.0,18600.0,18000.0,1589697.0,대한항공
1177,2020-08-20,17550.0,18200.0,18250.0,17550.0,2206150.0,대한항공
1178,2020-08-21,17900.0,17550.0,18050.0,17550.0,1068162.0,대한항공
1179,2020-08-24,17750.0,17650.0,17950.0,17300.0,1318134.0,대한항공
1180,2020-08-25,18200.0,18400.0,18650.0,18100.0,1366044.0,대한항공
1181,2020-08-26,18000.0,18350.0,18400.0,17800.0,1362809.0,대한항공
1182,2020-08-27,17750.0,17900.0,17950.0,17600.0,1111225.0,대한항공
1183,2020-08-28,17800.0,17950.0,18100.0,17700.0,1288063.0,대한항공
1184,2020-08-31,17650.0,17850.0,18100.0,17650.0,1401275.0,대한항공
1185,2020-09-01,17950.0,17800.0,18150.0,17750.0,1103462.0,대한항공
1186,2020-09-02,18350.0,18000.0,18400.0,17900.0,1617605.0,대한항공
1187,2020-09-03,18500.0,18700.0,18800.0,18400.0,1841239.0,대한항공
1188,2020-09-04,18600.0,18100.0,18900.0,18050.0,2084703.0,대한항공
1189,2020-09-07,18700.0,18650.0,18850.0,18400.0,1779499.0,대한항공
1190,2020-09-08,18750.0,18700.0,18800.0,18500.0,1345846.0,대한항공
1191,2020-09-09,18400.0,18650.0,18700.0,18400.0,1336197.0,대한항공
1192,2020-09-10,18550.0,18450.0,18550.0,18350.0,1168028.0,대한항공
1193,2020-09-11,18300.0,18350.0,18450.0,18100.0,885572.0,대한항공
1194,2020-09-14,18650.0,18500.0,18750.0,18350.0,1374483.0,대한항공
1195,2020-09-15,19150.0,18850.0,19250.0,18700.0,2734410.0,대한항공
1196,2020-09-16,19200.0,19250.0,19400.0,19000.0,1827006.0,대한항공
1197,2020-09-17,18900.0,19200.0,19650.0,18900.0,1665379.0,대한항공
1198,2020-09-18,18800.0,18900.0,18950.0,18650.0,1085793.0,대한항공
1199,2020-09-21,18850.0,18800.0,19150.0,18800.0,1060962.0,대한항공
1200,2020-09-22,18400.0,18600.0,18700.0,18400.0,1277582.0,대한항공
1201,2020-09-23,18550.0,18600.0,18850.0,18400.0,1071051.0,대한항공
1202,2020-09-24,18000.0,18400.0,18450.0,18000.0,1234760.0,대한항공
1203,2020-09-25,18350.0,18100.0,18600.0,18100.0,895129.0,대한항공
1204,2020-09-28,18800.0,18550.0,18900.0,18500.0,966495.0,대한항공
1205,2020-09-29,18850.0,19150.0,19150.0,18800.0,922389.0,대한항공
1206,2020-10-05,19300.0,18950.0,19400.0,18850.0,1872158.0,대한항공
1207,2020-10-06,19800.0,19300.0,20000.0,19300.0,4122388.0,대한항공
1208,2020-10-07,19750.0,19550.0,19800.0,19300.0,1791908.0,대한항공
1209,2020-10-08,19750.0,20100.0,20150.0,19650.0,2323815.0,대한항공
1210,2020-10-12,20650.0,19900.0,20900.0,19900.0,4863798.0,대한항공
1211,2020-10-13,20450.0,20850.0,20850.0,19900.0,2550228.0,대한항공
1212,2020-10-14,20500.0,20200.0,20650.0,20100.0,1687204.0,대한항공
1213,2020-10-15,20700.0,20500.0,20900.0,20450.0,1736304.0,대한항공
1214,2020-10-16,20350.0,20700.0,20700.0,20250.0,1063705.0,대한항공
1215,2020-10-19,20550.0,20350.0,20750.0,19950.0,1352957.0,대한항공
1216,2020-10-20,20450.0,20250.0,20500.0,20050.0,949896.0,대한항공
1217,2020-10-21,21000.0,20700.0,21300.0,20450.0,2511829.0,대한항공
1218,2020-10-22,21000.0,21050.0,21200.0,20700.0,1326700.0,대한항공
1219,2020-10-23,21150.0,21350.0,21550.0,21050.0,1437052.0,대한항공
1220,2020-10-26,21400.0,21200.0,21500.0,20800.0,1656051.0,대한항공
1221,2020-10-27,20750.0,21100.0,21200.0,20550.0,1602797.0,대한항공
1222,2020-10-28,20800.0,20600.0,20900.0,20250.0,1026033.0,대한항공
1223,2020-10-29,20300.0,20250.0,20600.0,20000.0,1678490.0,대한항공
1224,2020-10-30,19950.0,20450.0,20500.0,19900.0,1250837.0,대한항공
1225,2020-11-02,20100.0,19950.0,20300.0,19850.0,995166.0,대한항공
1226,2020-11-03,20650.0,20150.0,20700.0,20150.0,943182.0,대한항공
1227,2020-11-04,20250.0,20900.0,20900.0,20100.0,1497490.0,대한항공
1228,2020-11-05,20500.0,20300.0,20550.0,20250.0,1169872.0,대한항공
1229,2020-11-06,20800.0,20950.0,21150.0,20650.0,1898477.0,대한항공
1230,2020-11-09,21800.0,21000.0,22000.0,20900.0,5125236.0,대한항공
1231,2020-11-10,24250.0,25050.0,26950.0,24000.0,18803992.0,대한항공
1232,2020-11-11,25700.0,24900.0,25950.0,24500.0,12939812.0,대한항공
1233,2020-11-12,24600.0,25200.0,25550.0,24150.0,7048416.0,대한항공
1234,2020-11-13,23950.0,25000.0,26200.0,23950.0,9890614.0,대한항공
1235,2020-11-16,26950.0,24200.0,30150.0,24200.0,74509096.0,대한항공
1236,2020-11-17,24550.0,27350.0,29000.0,24250.0,29343022.0,대한항공
1237,2020-11-18,23900.0,24000.0,25100.0,23100.0,8205885.0,대한항공
1238,2020-11-19,23200.0,23600.0,23800.0,22700.0,6076332.0,대한항공
1239,2020-11-20,23750.0,23000.0,24400.0,22800.0,5895457.0,대한항공
